Date,Sentiment
2010-01-02,0
2010-01-03,0
2010-01-04,0
2010-01-05,0
2010-01-06,0
2010-01-07,0
2010-01-08,0
2010-01-09,0
2010-01-10,0
2010-01-11,0
2010-01-12,0
2010-01-13,0
2010-01-14,0
2010-01-15,0
2010-01-16,0
2010-01-17,0
2010-01-18,0
2010-01-19,0
2010-01-20,0
2010-01-21,0
2010-01-22,0
2010-01-23,0
2010-01-24,0
2010-01-25,0
2010-01-26,0
2010-01-27,0
2010-01-28,0
2010-01-29,0
2010-01-30,0
2010-01-31,0
2010-02-01,0
2010-02-02,0
2010-02-03,0.0
2010-02-04,0.0
2010-02-05,0
2010-02-06,0
2010-02-07,0
2010-02-08,0
2010-02-09,0
2010-02-10,0
2010-02-11,0
2010-02-12,0
2010-02-13,0
2010-02-14,0
2010-02-15,0
2010-02-16,0
2010-02-17,0
2010-02-18,0
2010-02-19,0
2010-02-20,0
2010-02-21,0
2010-02-22,0
2010-02-23,0
2010-02-24,0
2010-02-25,0
2010-02-26,0
2010-02-27,0
2010-02-28,0
2010-03-01,0
2010-03-02,0
2010-03-03,0
2010-03-04,0
2010-03-05,0
2010-03-06,0
2010-03-07,0
2010-03-08,0
2010-03-09,0
2010-03-10,0
2010-03-11,0
2010-03-12,0
2010-03-13,0
2010-03-14,0
2010-03-15,0
2010-03-16,0
2010-03-17,0
2010-03-18,0
2010-03-19,0
2010-03-20,0
2010-03-21,0
2010-03-22,0.0
2010-03-23,0
2010-03-24,0
2010-03-25,0
2010-03-26,0.10382
2010-03-27,0
2010-03-28,0
2010-03-29,0
2010-03-30,0
2010-03-31,0
2010-04-01,0
2010-04-02,-0.23263333333333333
2010-04-03,0
2010-04-04,0
2010-04-05,-0.2023
2010-04-06,0
2010-04-07,0
2010-04-08,0
2010-04-09,0.0
2010-04-10,0
2010-04-11,0
2010-04-12,0
2010-04-13,0
2010-04-14,0
2010-04-15,0
2010-04-16,0
2010-04-17,0
2010-04-18,0
2010-04-19,0
2010-04-20,0
2010-04-21,0.6249
2010-04-22,-0.31382499999999997
2010-04-23,0
2010-04-24,0
2010-04-25,0
2010-04-26,0
2010-04-27,0
2010-04-28,0
2010-04-29,0.5106
2010-04-30,0
2010-05-01,0
2010-05-02,0
2010-05-03,0
2010-05-04,0
2010-05-05,-0.0022599999999999925
2010-05-06,0
2010-05-07,0
2010-05-08,0
2010-05-09,0
2010-05-10,0
2010-05-11,0
2010-05-12,0
2010-05-13,0
2010-05-14,0.11016666666666668
2010-05-15,0
2010-05-16,0
2010-05-17,0
2010-05-18,0
2010-05-19,0
2010-05-20,0
2010-05-21,0
2010-05-22,0
2010-05-23,0
2010-05-24,0.0
2010-05-25,0
2010-05-26,0.0
2010-05-27,0
2010-05-28,0
2010-05-29,0
2010-05-30,0
2010-05-31,0.0
2010-06-01,0
2010-06-02,0.0
2010-06-03,0.0
2010-06-04,0
2010-06-05,0
2010-06-06,0
2010-06-07,0.0
2010-06-08,0
2010-06-09,-0.022836363636363634
2010-06-10,0
2010-06-11,0
2010-06-12,0
2010-06-13,0
2010-06-14,0
2010-06-15,0
2010-06-16,0
2010-06-17,0
2010-06-18,0
2010-06-19,0
2010-06-20,0.0
2010-06-21,0
2010-06-22,0
2010-06-23,0
2010-06-24,0
2010-06-25,0.0
2010-06-26,0
2010-06-27,0
2010-06-28,0
2010-06-29,-0.029252631578947374
2010-06-30,0
2010-07-01,0.0
2010-07-02,0
2010-07-03,0
2010-07-04,0.0
2010-07-05,-0.002152380952380948
2010-07-06,-0.4404
2010-07-07,0
2010-07-08,0
2010-07-09,0
2010-07-10,0
2010-07-11,0
2010-07-12,0
2010-07-13,0
2010-07-14,0.0772
2010-07-15,0
2010-07-16,0
2010-07-17,0
2010-07-18,0
2010-07-19,0
2010-07-20,0
2010-07-21,0.1591
2010-07-22,0.0
2010-07-23,0.6249
2010-07-24,0
2010-07-25,0
2010-07-26,0
2010-07-27,0
2010-07-28,0
2010-07-29,0
2010-07-30,0
2010-07-31,0
2010-08-01,0
2010-08-02,0
2010-08-03,0
2010-08-04,0
2010-08-05,0
2010-08-06,0
2010-08-07,0
2010-08-08,0
2010-08-09,0.0
2010-08-10,0.0
2010-08-11,0.0
2010-08-12,0
2010-08-13,0
2010-08-14,0
2010-08-15,0
2010-08-16,0
2010-08-17,0
2010-08-18,0.0
2010-08-19,0
2010-08-20,0
2010-08-21,0
2010-08-22,0
2010-08-23,0
2010-08-24,0
2010-08-25,0.0
2010-08-26,0
2010-08-27,0
2010-08-28,0
2010-08-29,0
2010-08-30,0.32985
2010-08-31,0
2010-09-01,0.0
2010-09-02,0
2010-09-03,0
2010-09-04,0
2010-09-05,0
2010-09-06,-0.03009999999999999
2010-09-07,0.3182
2010-09-08,0
2010-09-09,0
2010-09-10,0
2010-09-11,0
2010-09-12,0
2010-09-13,0
2010-09-14,0
2010-09-15,0
2010-09-16,0
2010-09-17,0
2010-09-18,0
2010-09-19,-0.0022599999999999955
2010-09-20,0.0
2010-09-21,0
2010-09-22,0
2010-09-23,0
2010-09-24,0
2010-09-25,0
2010-09-26,0
2010-09-27,0.0
2010-09-28,0
2010-09-29,0.0
2010-09-30,0
2010-10-01,0
2010-10-02,0
2010-10-03,0.0
2010-10-04,-0.0772
2010-10-05,0
2010-10-06,0
2010-10-07,0
2010-10-08,0
2010-10-09,0
2010-10-10,-0.4215
2010-10-11,0.0516
2010-10-12,0.0
2010-10-13,0.3818
2010-10-14,0
2010-10-15,0
2010-10-16,0.016830000000000005
2010-10-17,0
2010-10-18,0.0
2010-10-19,0
2010-10-20,0
2010-10-21,0
2010-10-22,0
2010-10-23,0
2010-10-24,0
2010-10-25,0
2010-10-26,0
2010-10-27,0
2010-10-28,0
2010-10-29,0
2010-10-30,0
2010-10-31,0
2010-11-01,0
2010-11-02,0
2010-11-03,0.0
2010-11-04,0
2010-11-05,0
2010-11-06,0
2010-11-07,0
2010-11-08,0
2010-11-09,0
2010-11-10,0.0
2010-11-11,0
2010-11-12,-0.17556666666666665
2010-11-13,0.0
2010-11-14,0.0
2010-11-15,0
2010-11-16,0
2010-11-17,0
2010-11-18,0.0
2010-11-19,-0.5255
2010-11-20,0
2010-11-21,0
2010-11-22,0
2010-11-23,0
2010-11-24,0
2010-11-25,0
2010-11-26,0
2010-11-27,0
2010-11-28,0
2010-11-29,0
2010-11-30,0
2010-12-01,0.2919
2010-12-02,0
2010-12-03,0
2010-12-04,0
2010-12-05,0.0
2010-12-06,0
2010-12-07,0
2010-12-08,0
2010-12-09,-0.20095
2010-12-10,0
2010-12-11,0
2010-12-12,0
2010-12-13,0
2010-12-14,0.3612
2010-12-15,0
2010-12-16,0
2010-12-17,0
2010-12-18,0
2010-12-19,0
2010-12-20,0.0
2010-12-21,0
2010-12-22,0
2010-12-23,0
2010-12-24,0
2010-12-25,0
2010-12-26,0
2010-12-27,0
2010-12-28,0
2010-12-29,-0.1027
2010-12-30,0
2010-12-31,0
2011-01-01,0
2011-01-02,0
2011-01-03,0
2011-01-04,0
2011-01-05,0
2011-01-06,0
2011-01-07,0
2011-01-08,0
2011-01-09,0
2011-01-10,0
2011-01-11,0
2011-01-12,0
2011-01-13,-0.4767
2011-01-14,0
2011-01-15,0
2011-01-16,0
2011-01-17,0
2011-01-18,0
2011-01-19,0
2011-01-20,0
2011-01-21,0.0
2011-01-22,0
2011-01-23,0
2011-01-24,0
2011-01-25,0.4019
2011-01-26,0
2011-01-27,0
2011-01-28,0
2011-01-29,0.3457666666666667
2011-01-30,0
2011-01-31,0.259325
2011-02-01,0
2011-02-02,0
2011-02-03,0.0
2011-02-04,0
2011-02-05,-0.0022599999999999955
2011-02-06,0
2011-02-07,0
2011-02-08,0
2011-02-09,0
2011-02-10,0
2011-02-11,0
2011-02-12,0
2011-02-13,0
2011-02-14,0.07637500000000001
2011-02-15,0.3182
2011-02-16,0.28595
2011-02-17,-0.4767
2011-02-18,0
2011-02-19,0
2011-02-20,0
2011-02-21,0
2011-02-22,-0.4767
2011-02-23,0
2011-02-24,0
2011-02-25,0
2011-02-26,0
2011-02-27,0
2011-02-28,-0.16235
2011-03-01,0
2011-03-02,0
2011-03-03,0
2011-03-04,0
2011-03-05,0
2011-03-06,0
2011-03-07,0.0
2011-03-08,0.0
2011-03-09,0
2011-03-10,0
2011-03-11,0.296
2011-03-12,0
2011-03-13,0
2011-03-14,0.6705
2011-03-15,0.1027
2011-03-16,0
2011-03-17,0
2011-03-18,0
2011-03-19,0
2011-03-20,0
2011-03-21,0
2011-03-22,0.0
2011-03-23,0
2011-03-24,0
2011-03-25,0.5719
2011-03-26,0
2011-03-27,0
2011-03-28,0
2011-03-29,0.5719
2011-03-30,0
2011-03-31,0
2011-04-01,0.0
2011-04-02,0
2011-04-03,0
2011-04-04,0
2011-04-05,0
2011-04-06,0.0
2011-04-07,0
2011-04-08,0
2011-04-09,0
2011-04-10,0
2011-04-11,0
2011-04-12,0
2011-04-13,0
2011-04-14,0
2011-04-15,0
2011-04-16,0
2011-04-17,0
2011-04-18,0
2011-04-19,0
2011-04-20,0
2011-04-21,0
2011-04-22,0
2011-04-23,0
2011-04-24,-0.1027
2011-04-25,0.0
2011-04-26,0
2011-04-27,0.5106
2011-04-28,0
2011-04-29,0
2011-04-30,0
2011-05-01,0
2011-05-02,0
2011-05-03,0
2011-05-04,0.5106
2011-05-05,0
2011-05-06,0
2011-05-07,0
2011-05-08,0
2011-05-09,0.5256
2011-05-10,0
2011-05-11,-0.1531
2011-05-12,0
2011-05-13,0
2011-05-14,0
2011-05-15,0
2011-05-16,0
2011-05-17,0.34
2011-05-18,0.0
2011-05-19,0
2011-05-20,0
2011-05-21,0
2011-05-22,0
2011-05-23,0.5719
2011-05-24,0
2011-05-25,0.4927
2011-05-26,0.016830000000000005
2011-05-27,0.5859
2011-05-28,0
2011-05-29,0
2011-05-30,-0.0022599999999999955
2011-05-31,0
2011-06-01,0
2011-06-02,0
2011-06-03,0
2011-06-04,0
2011-06-05,0
2011-06-06,0.016830000000000005
2011-06-07,0
2011-06-08,0
2011-06-09,0.0
2011-06-10,0
2011-06-11,0
2011-06-12,0
2011-06-13,0
2011-06-14,0
2011-06-15,0
2011-06-16,0.39443333333333336
2011-06-17,0.0
2011-06-18,0
2011-06-19,0
2011-06-20,0
2011-06-21,0.0
2011-06-22,0
2011-06-23,0.0
2011-06-24,0
2011-06-25,0
2011-06-26,0
2011-06-27,0
2011-06-28,0
2011-06-29,-0.029252631578947374
2011-06-30,0
2011-07-01,0.259325
2011-07-02,0
2011-07-03,0
2011-07-04,0
2011-07-05,0
2011-07-06,0
2011-07-07,0.5106
2011-07-08,0
2011-07-09,0
2011-07-10,0.0
2011-07-11,0.0
2011-07-12,0
2011-07-13,0
2011-07-14,0
2011-07-15,0.0
2011-07-16,0.0
2011-07-17,0.0
2011-07-18,0.0
2011-07-19,-0.027790000000000002
2011-07-20,0
2011-07-21,0.6249
2011-07-22,-0.3839
2011-07-23,0
2011-07-24,0
2011-07-25,0
2011-07-26,0
2011-07-27,0.0
2011-07-28,0.0
2011-07-29,0
2011-07-30,0
2011-07-31,0
2011-08-01,0
2011-08-02,0
2011-08-03,0.08310000000000002
2011-08-04,0
2011-08-05,0
2011-08-06,0
2011-08-07,-0.03892777777777777
2011-08-08,0.012438461538461544
2011-08-09,0.0
2011-08-10,0
2011-08-11,0.0
2011-08-12,-0.5423
2011-08-13,0
2011-08-14,0
2011-08-15,0.0
2011-08-16,-0.765
2011-08-17,0
2011-08-18,0
2011-08-19,0
2011-08-20,0
2011-08-21,0
2011-08-22,0.0
2011-08-23,0
2011-08-24,0
2011-08-25,-0.030735714285714283
2011-08-26,0.19063333333333332
2011-08-27,0
2011-08-28,0.0
2011-08-29,0
2011-08-30,0.0
2011-08-31,0
2011-09-01,-0.2732
2011-09-02,0
2011-09-03,0
2011-09-04,0
2011-09-05,0.1909
2011-09-06,0
2011-09-07,0.743
2011-09-08,0.0
2011-09-09,0
2011-09-10,0
2011-09-11,0
2011-09-12,0.4939
2011-09-13,0
2011-09-14,0.0
2011-09-15,0
2011-09-16,0
2011-09-17,0
2011-09-18,0
2011-09-19,0
2011-09-20,0.0
2011-09-21,0
2011-09-22,0
2011-09-23,0
2011-09-24,0
2011-09-25,0
2011-09-26,0
2011-09-27,0
2011-09-28,0.4215
2011-09-29,0.0
2011-09-30,0
2011-10-01,0
2011-10-02,0.0
2011-10-03,-0.3818
2011-10-04,0.6705
2011-10-05,0
2011-10-06,0
2011-10-07,0
2011-10-08,0
2011-10-09,0
2011-10-10,0.0
2011-10-11,0
2011-10-12,0.0
2011-10-13,-0.1589
2011-10-14,0
2011-10-15,0
2011-10-16,0
2011-10-17,-0.2263
2011-10-18,0.0
2011-10-19,0
2011-10-20,-0.8126
2011-10-21,0
2011-10-22,0
2011-10-23,0.0
2011-10-24,0.2202
2011-10-25,0.0
2011-10-26,0
2011-10-27,0.0
2011-10-28,0.0
2011-10-29,0
2011-10-30,0
2011-10-31,0.0
2011-11-01,0.3818
2011-11-02,0
2011-11-03,0
2011-11-04,0
2011-11-05,0
2011-11-06,0
2011-11-07,0.017715789473684213
2011-11-08,0
2011-11-09,0.0
2011-11-10,0
2011-11-11,0
2011-11-12,0
2011-11-13,0.4754
2011-11-14,0.0
2011-11-15,0
2011-11-16,0
2011-11-17,0
2011-11-18,-0.011881249999999993
2011-11-19,0.0
2011-11-20,0
2011-11-21,0.6249
2011-11-22,0
2011-11-23,0
2011-11-24,-0.128
2011-11-25,0
2011-11-26,0
2011-11-27,0
2011-11-28,0
2011-11-29,0
2011-11-30,0.0
2011-12-01,0
2011-12-02,0
2011-12-03,-0.6486
2011-12-04,0
2011-12-05,0.2294
2011-12-06,0.0
2011-12-07,0
2011-12-08,-0.023635714285714284
2011-12-09,0
2011-12-10,0
2011-12-11,0
2011-12-12,0
2011-12-13,0.1786
2011-12-14,0
2011-12-15,0.0
2011-12-16,0
2011-12-17,0
2011-12-18,0
2011-12-19,0
2011-12-20,0.5719
2011-12-21,0.6249
2011-12-22,0.0
2011-12-23,0
2011-12-24,0
2011-12-25,-0.01797499999999999
2011-12-26,0.4404
2011-12-27,0.0
2011-12-28,0
2011-12-29,0
2011-12-30,0.4005
2011-12-31,-0.4019
2012-01-01,0
2012-01-02,0
2012-01-03,0.0
2012-01-04,0
2012-01-05,0.1779
2012-01-06,0
2012-01-07,0
2012-01-08,0
2012-01-09,0
2012-01-10,0
2012-01-11,0.0
2012-01-12,0
2012-01-13,0
2012-01-14,0
2012-01-15,0
2012-01-16,0
2012-01-17,0
2012-01-18,0
2012-01-19,0
2012-01-20,0
2012-01-21,0
2012-01-22,0.0
2012-01-23,0
2012-01-24,0
2012-01-25,0.0
2012-01-26,0.0
2012-01-27,0
2012-01-28,0.0
2012-01-29,0
2012-01-30,0
2012-01-31,0
2012-02-01,0
2012-02-02,0
2012-02-03,0
2012-02-04,0
2012-02-05,0
2012-02-06,0
2012-02-07,0
2012-02-08,0
2012-02-09,0
2012-02-10,0.0
2012-02-11,0
2012-02-12,0
2012-02-13,0
2012-02-14,0
2012-02-15,0
2012-02-16,0.0
2012-02-17,0
2012-02-18,0
2012-02-19,0
2012-02-20,-0.21075
2012-02-21,0
2012-02-22,0.0
2012-02-23,0
2012-02-24,0
2012-02-25,0
2012-02-26,0
2012-02-27,0
2012-02-28,0.6249
2012-02-29,0
2012-03-01,0
2012-03-02,0.0
2012-03-03,0
2012-03-04,0
2012-03-05,0.3182
2012-03-06,0
2012-03-07,0.0
2012-03-08,0.0
2012-03-09,0
2012-03-10,0
2012-03-11,0
2012-03-12,0.128
2012-03-13,0
2012-03-14,0.0
2012-03-15,0
2012-03-16,0
2012-03-17,0
2012-03-18,0
2012-03-19,0
2012-03-20,0
2012-03-21,0
2012-03-22,-0.39225
2012-03-23,0
2012-03-24,0
2012-03-25,0
2012-03-26,0
2012-03-27,0.7456
2012-03-28,0.0129
2012-03-29,-0.3612
2012-03-30,0.3857
2012-03-31,0
2012-04-01,0
2012-04-02,0.0772
2012-04-03,0.0258
2012-04-04,-0.1027
2012-04-05,0
2012-04-06,0.2732
2012-04-07,0
2012-04-08,0
2012-04-09,0
2012-04-10,0.2732
2012-04-11,0.2732
2012-04-12,0
2012-04-13,0.0
2012-04-14,0
2012-04-15,0
2012-04-16,0
2012-04-17,0.0
2012-04-18,0
2012-04-19,0
2012-04-20,0.0
2012-04-21,0
2012-04-22,0
2012-04-23,0
2012-04-24,0.4404
2012-04-25,0.4019
2012-04-26,0
2012-04-27,0.0
2012-04-28,0
2012-04-29,0
2012-04-30,0
2012-05-01,0
2012-05-02,0.37739999999999996
2012-05-03,0.4215
2012-05-04,0
2012-05-05,0
2012-05-06,0
2012-05-07,-0.10194999999999999
2012-05-08,0
2012-05-09,0.0
2012-05-10,0
2012-05-11,0.3749
2012-05-12,0
2012-05-13,0.0
2012-05-14,0.0
2012-05-15,0
2012-05-16,0.3182
2012-05-17,0
2012-05-18,0
2012-05-19,0
2012-05-20,0
2012-05-21,-0.1027
2012-05-22,0.1045
2012-05-23,0.0
2012-05-24,0
2012-05-25,0
2012-05-26,0.0
2012-05-27,0
2012-05-28,0
2012-05-29,0
2012-05-30,0
2012-05-31,0
2012-06-01,0
2012-06-02,0
2012-06-03,0
2012-06-04,0
2012-06-05,0
2012-06-06,0
2012-06-07,0.0
2012-06-08,0
2012-06-09,0
2012-06-10,0
2012-06-11,0
2012-06-12,0
2012-06-13,0.0
2012-06-14,0.34
2012-06-15,0
2012-06-16,0
2012-06-17,0
2012-06-18,0.743
2012-06-19,0
2012-06-20,0
2012-06-21,0
2012-06-22,0
2012-06-23,0
2012-06-24,0
2012-06-25,0
2012-06-26,0
2012-06-27,0
2012-06-28,0
2012-06-29,0.4404
2012-06-30,0
2012-07-01,0
2012-07-02,0
2012-07-03,0
2012-07-04,0.0
2012-07-05,0
2012-07-06,0
2012-07-07,0
2012-07-08,0.0
2012-07-09,0
2012-07-10,0
2012-07-11,0.296
2012-07-12,0
2012-07-13,0
2012-07-14,0
2012-07-15,0
2012-07-16,0.0
2012-07-17,0.0
2012-07-18,0
2012-07-19,0
2012-07-20,0
2012-07-21,0
2012-07-22,-0.0258
2012-07-23,0
2012-07-24,0.0
2012-07-25,0.0
2012-07-26,0
2012-07-27,0
2012-07-28,0
2012-07-29,0
2012-07-30,0
2012-07-31,0
2012-08-01,0
2012-08-02,0
2012-08-03,0
2012-08-04,0.0
2012-08-05,0.4404
2012-08-06,0.5719
2012-08-07,0
2012-08-08,0
2012-08-09,0
2012-08-10,0
2012-08-11,0
2012-08-12,0
2012-08-13,0.1366
2012-08-14,0
2012-08-15,0
2012-08-16,0
2012-08-17,0
2012-08-18,0
2012-08-19,0
2012-08-20,0
2012-08-21,0.0
2012-08-22,0
2012-08-23,0
2012-08-24,0
2012-08-25,0
2012-08-26,0
2012-08-27,0.21075
2012-08-28,0
2012-08-29,0.4754
2012-08-30,0.0
2012-08-31,0
2012-09-01,0
2012-09-02,0
2012-09-03,0
2012-09-04,0.44659999999999994
2012-09-05,0.31245
2012-09-06,0
2012-09-07,0
2012-09-08,0
2012-09-09,0
2012-09-10,0
2012-09-11,0
2012-09-12,0
2012-09-13,0
2012-09-14,0
2012-09-15,0
2012-09-16,0
2012-09-17,0
2012-09-18,0
2012-09-19,-0.128
2012-09-20,0
2012-09-21,0
2012-09-22,0
2012-09-23,0
2012-09-24,0.25
2012-09-25,0
2012-09-26,0
2012-09-27,0
2012-09-28,0
2012-09-29,0
2012-09-30,0
2012-10-01,0
2012-10-02,0
2012-10-03,-0.23835
2012-10-04,0.1591
2012-10-05,0
2012-10-06,0
2012-10-07,0
2012-10-08,0
2012-10-09,0.0
2012-10-10,0
2012-10-11,0
2012-10-12,0
2012-10-13,0
2012-10-14,0.0
2012-10-15,0.0
2012-10-16,0.5106
2012-10-17,0.8176
2012-10-18,0
2012-10-19,0
2012-10-20,0
2012-10-21,0.0
2012-10-22,0.25
2012-10-23,0
2012-10-24,0
2012-10-25,0.0
2012-10-26,0
2012-10-27,0
2012-10-28,0.0
2012-10-29,0
2012-10-30,0.0
2012-10-31,0
2012-11-01,-0.296
2012-11-02,0
2012-11-03,-0.4767
2012-11-04,0.0
2012-11-05,0
2012-11-06,0
2012-11-07,0
2012-11-08,-0.6633
2012-11-09,-0.3182
2012-11-10,0.0
2012-11-11,0
2012-11-12,0
2012-11-13,0
2012-11-14,0.4927
2012-11-15,0.0
2012-11-16,0.0
2012-11-17,0
2012-11-18,0
2012-11-19,0
2012-11-20,0
2012-11-21,0.4754
2012-11-22,0
2012-11-23,0.10115
2012-11-24,0
2012-11-25,0
2012-11-26,0.0
2012-11-27,0.10115
2012-11-28,0
2012-11-29,0
2012-11-30,0.0
2012-12-01,0.31379999999999997
2012-12-02,0.0
2012-12-03,-0.03872500000000001
2012-12-04,0.00516
2012-12-05,0
2012-12-06,0
2012-12-07,0
2012-12-08,0
2012-12-09,0
2012-12-10,0
2012-12-11,0
2012-12-12,-0.25943333333333335
2012-12-13,0
2012-12-14,0
2012-12-15,0
2012-12-16,0
2012-12-17,0.1909
2012-12-18,0
2012-12-19,0
2012-12-20,0
2012-12-21,0
2012-12-22,0.0
2012-12-23,0
2012-12-24,0
2012-12-25,-0.3182
2012-12-26,0
2012-12-27,0.0
2012-12-28,0
2012-12-29,0
2012-12-30,0.05135
2012-12-31,0
2013-01-01,0
2013-01-02,0.4215
2013-01-03,-0.4767
2013-01-04,0
2013-01-05,0
2013-01-06,0.4019
2013-01-07,0.0
2013-01-08,0
2013-01-09,0
2013-01-10,0
2013-01-11,-0.0516
2013-01-12,0.4939
2013-01-13,0
2013-01-14,0.0
2013-01-15,0
2013-01-16,0
2013-01-17,0
2013-01-18,0
2013-01-19,0
2013-01-20,0
2013-01-21,0
2013-01-22,0.0
2013-01-23,0.06004999999999999
2013-01-24,0
2013-01-25,0
2013-01-26,0
2013-01-27,0
2013-01-28,0
2013-01-29,0
2013-01-30,0
2013-01-31,0
2013-02-01,0
2013-02-02,0
2013-02-03,-0.4767
2013-02-04,0
2013-02-05,0.0
2013-02-06,0
2013-02-07,0
2013-02-08,0.0
2013-02-09,0
2013-02-10,0
2013-02-11,-0.3612
2013-02-12,0
2013-02-13,0
2013-02-14,0
2013-02-15,0
2013-02-16,0
2013-02-17,0
2013-02-18,0
2013-02-19,0
2013-02-20,0
2013-02-21,0
2013-02-22,0
2013-02-23,0
2013-02-24,0
2013-02-25,0.0258
2013-02-26,0
2013-02-27,0
2013-02-28,0
2013-03-01,0
2013-03-02,0
2013-03-03,-0.4767
2013-03-04,0
2013-03-05,0
2013-03-06,0
2013-03-07,0
2013-03-08,0.10115
2013-03-09,0
2013-03-10,0.0
2013-03-11,0
2013-03-12,0.0
2013-03-13,0
2013-03-14,0.0
2013-03-15,0
2013-03-16,0
2013-03-17,0.0
2013-03-18,0.0
2013-03-19,0.25
2013-03-20,0
2013-03-21,0
2013-03-22,0.0
2013-03-23,0
2013-03-24,0
2013-03-25,0.0
2013-03-26,0
2013-03-27,0.0
2013-03-28,0
2013-03-29,0.3818
2013-03-30,0
2013-03-31,0.0
2013-04-01,0
2013-04-02,0
2013-04-03,-0.051633333333333344
2013-04-04,0.0
2013-04-05,0
2013-04-06,0
2013-04-07,0
2013-04-08,0
2013-04-09,0.0
2013-04-10,0
2013-04-11,0.1154
2013-04-12,0
2013-04-13,0.2732
2013-04-14,0
2013-04-15,0
2013-04-16,0.0
2013-04-17,0.0
2013-04-18,-0.6124
2013-04-19,0
2013-04-20,0.0
2013-04-21,0
2013-04-22,0.3182
2013-04-23,-0.2553
2013-04-24,0.24253333333333335
2013-04-25,0
2013-04-26,0
2013-04-27,-0.1027
2013-04-28,0
2013-04-29,0.0
2013-04-30,0.0
2013-05-01,0.0
2013-05-02,0.0
2013-05-03,-0.4767
2013-05-04,0
2013-05-05,0
2013-05-06,0.0
2013-05-07,0
2013-05-08,0
2013-05-09,0
2013-05-10,0
2013-05-11,0
2013-05-12,0
2013-05-13,0
2013-05-14,0
2013-05-15,0
2013-05-16,0
2013-05-17,0
2013-05-18,0
2013-05-19,0
2013-05-20,0
2013-05-21,-0.2526333333333333
2013-05-22,0
2013-05-23,0
2013-05-24,0
2013-05-25,0
2013-05-26,0
2013-05-27,0
2013-05-28,0.0
2013-05-29,0
2013-05-30,0
2013-05-31,0
2013-06-01,0.0
2013-06-02,0
2013-06-03,-0.23835
2013-06-04,0.27115
2013-06-05,0
2013-06-06,0.0
2013-06-07,0.0
2013-06-08,0
2013-06-09,0
2013-06-10,0
2013-06-11,0
2013-06-12,0.0
2013-06-13,0
2013-06-14,0
2013-06-15,0
2013-06-16,0
2013-06-17,0
2013-06-18,0
2013-06-19,0
2013-06-20,0
2013-06-21,0
2013-06-22,0
2013-06-23,0
2013-06-24,0
2013-06-25,0
2013-06-26,0
2013-06-27,0
2013-06-28,0.0
2013-06-29,0
2013-06-30,0
2013-07-01,0
2013-07-02,0.3818
2013-07-03,-0.4767
2013-07-04,0
2013-07-05,0.0
2013-07-06,0.0
2013-07-07,0
2013-07-08,-0.0824625
2013-07-09,0
2013-07-10,0
2013-07-11,0
2013-07-12,0.0
2013-07-13,0
2013-07-14,0
2013-07-15,0
2013-07-16,0
2013-07-17,0
2013-07-18,0
2013-07-19,0.0
2013-07-20,0
2013-07-21,0.128
2013-07-22,-0.34
2013-07-23,0
2013-07-24,0.0
2013-07-25,0
2013-07-26,0
2013-07-27,0
2013-07-28,0
2013-07-29,0
2013-07-30,0.0
2013-07-31,0.0
2013-08-01,0
2013-08-02,0
2013-08-03,-0.4767
2013-08-04,0
2013-08-05,0.0
2013-08-06,0.4019
2013-08-07,0.0
2013-08-08,0.4939
2013-08-09,0
2013-08-10,0
2013-08-11,0
2013-08-12,-0.4414
2013-08-13,0
2013-08-14,0
2013-08-15,0.34
2013-08-16,0
2013-08-17,0
2013-08-18,0
2013-08-19,0.3818
2013-08-20,0
2013-08-21,-0.7845
2013-08-22,0.2997
2013-08-23,0.0
2013-08-24,0.0
2013-08-25,0
2013-08-26,0.0
2013-08-27,0
2013-08-28,0
2013-08-29,0
2013-08-30,0
2013-08-31,0
2013-09-01,0
2013-09-02,0
2013-09-03,-0.4767
2013-09-04,0
2013-09-05,0
2013-09-06,0
2013-09-07,0.0
2013-09-08,0
2013-09-09,0.0
2013-09-10,0.0
2013-09-11,0.296
2013-09-12,0.0
2013-09-13,0
2013-09-14,0
2013-09-15,0
2013-09-16,0
2013-09-17,0.0
2013-09-18,0
2013-09-19,0.4215
2013-09-20,0
2013-09-21,0
2013-09-22,0
2013-09-23,0.0
2013-09-24,0
2013-09-25,0.0
2013-09-26,0
2013-09-27,0
2013-09-28,0
2013-09-29,0.0
2013-09-30,0.3818
2013-10-01,0
2013-10-02,0.3612
2013-10-03,0.0534
2013-10-04,0
2013-10-05,0.0
2013-10-06,0
2013-10-07,0
2013-10-08,0.0
2013-10-09,0.0
2013-10-10,-0.3818
2013-10-11,0
2013-10-12,0.4019
2013-10-13,0
2013-10-14,0
2013-10-15,-0.4767
2013-10-16,0
2013-10-17,0.21005
2013-10-18,-0.12974999999999998
2013-10-19,0
2013-10-20,0
2013-10-21,0.0
2013-10-22,0
2013-10-23,0
2013-10-24,0.13396666666666665
2013-10-25,0
2013-10-26,0.0
2013-10-27,0.4019
2013-10-28,0.128
2013-10-29,0.064
2013-10-30,0.128
2013-10-31,0.17616666666666667
2013-11-01,-0.4158
2013-11-02,0
2013-11-03,-0.4767
2013-11-04,0.0
2013-11-05,0
2013-11-06,0
2013-11-07,0
2013-11-08,0
2013-11-09,0
2013-11-10,-0.3182
2013-11-11,0
2013-11-12,0.0
2013-11-13,0
2013-11-14,0.4754
2013-11-15,0
2013-11-16,0.28545
2013-11-17,0
2013-11-18,0.128
2013-11-19,0.0
2013-11-20,0
2013-11-21,0
2013-11-22,0
2013-11-23,0
2013-11-24,0.0
2013-11-25,0
2013-11-26,0
2013-11-27,0.21075
2013-11-28,0
2013-11-29,0
2013-11-30,0.0
2013-12-01,0.1591
2013-12-02,0
2013-12-03,-0.4767
2013-12-04,0.0
2013-12-05,0
2013-12-06,0
2013-12-07,0
2013-12-08,0
2013-12-09,0
2013-12-10,0
2013-12-11,0.8126
2013-12-12,0
2013-12-13,0.34
2013-12-14,0
2013-12-15,0.0
2013-12-16,0
2013-12-17,0
2013-12-18,0.7003
2013-12-19,0.0
2013-12-20,0.0
2013-12-21,0
2013-12-22,0
2013-12-23,0
2013-12-24,0
2013-12-25,0.0
2013-12-26,0.0
2013-12-27,0.0
2013-12-28,0
2013-12-29,0
2013-12-30,0.0
2013-12-31,0
2014-01-01,0
2014-01-02,0
2014-01-03,-0.4767
2014-01-04,-0.006749999999999978
2014-01-05,0
2014-01-06,0
2014-01-07,0
2014-01-08,0
2014-01-09,0
2014-01-10,-0.836
2014-01-11,-0.296
2014-01-12,0
2014-01-13,0
2014-01-14,0
2014-01-15,0
2014-01-16,0
2014-01-17,0
2014-01-18,0
2014-01-19,0
2014-01-20,0
2014-01-21,0
2014-01-22,0
2014-01-23,0
2014-01-24,0
2014-01-25,0.0
2014-01-26,0
2014-01-27,0
2014-01-28,0
2014-01-29,0.296
2014-01-30,0.0
2014-01-31,0
2014-02-01,0
2014-02-02,0
2014-02-03,-0.4767
2014-02-04,0
2014-02-05,0
2014-02-06,0
2014-02-07,0
2014-02-08,0
2014-02-09,0
2014-02-10,0
2014-02-11,0
2014-02-12,0
2014-02-13,0
2014-02-14,0
2014-02-15,0
2014-02-16,0
2014-02-17,0
2014-02-18,0
2014-02-19,0
2014-02-20,0
2014-02-21,0.0
2014-02-22,0
2014-02-23,0
2014-02-24,0.0
2014-02-25,0
2014-02-26,0
2014-02-27,0
2014-02-28,0
2014-03-01,0
2014-03-02,0
2014-03-03,0
2014-03-04,0
2014-03-05,-0.4019
2014-03-06,0
2014-03-07,0
2014-03-08,0
2014-03-09,0
2014-03-10,0
2014-03-11,0
2014-03-12,0
2014-03-13,0
2014-03-14,0
2014-03-15,0
2014-03-16,0
2014-03-17,0
2014-03-18,0
2014-03-19,0
2014-03-20,0
2014-03-21,0
2014-03-22,0
2014-03-23,0
2014-03-24,0
2014-03-25,0
2014-03-26,0
2014-03-27,0
2014-03-28,0
2014-03-29,0
2014-03-30,0
2014-03-31,0
2014-04-01,0
2014-04-02,0
2014-04-03,0
2014-04-04,0
2014-04-05,0
2014-04-06,0
2014-04-07,0
2014-04-08,0
2014-04-09,0
2014-04-10,0
2014-04-11,0.0
2014-04-12,0
2014-04-13,0
2014-04-14,0
2014-04-15,0
2014-04-16,0
2014-04-17,0
2014-04-18,0
2014-04-19,0
2014-04-20,0
2014-04-21,-0.1027
2014-04-22,0
2014-04-23,0
2014-04-24,0
2014-04-25,0
2014-04-26,0.0
2014-04-27,0
2014-04-28,0
2014-04-29,0
2014-04-30,0
2014-05-01,0.0
2014-05-02,0
2014-05-03,-0.4767
2014-05-04,0
2014-05-05,0
2014-05-06,0
2014-05-07,0
2014-05-08,0
2014-05-09,0.0
2014-05-10,0
2014-05-11,0
2014-05-12,0
2014-05-13,0
2014-05-14,0
2014-05-15,0
2014-05-16,0
2014-05-17,0
2014-05-18,0.5859
2014-05-19,0.29295
2014-05-20,0
2014-05-21,0
2014-05-22,0
2014-05-23,0
2014-05-24,0.0
2014-05-25,0
2014-05-26,0
2014-05-27,0.0
2014-05-28,0
2014-05-29,0
2014-05-30,0
2014-05-31,0
2014-06-01,0
2014-06-02,0
2014-06-03,0
2014-06-04,0
2014-06-05,0
2014-06-06,0
2014-06-07,0
2014-06-08,0
2014-06-09,0
2014-06-10,0
2014-06-11,0
2014-06-12,0
2014-06-13,0
2014-06-14,0
2014-06-15,0
2014-06-16,0
2014-06-17,0
2014-06-18,0
2014-06-19,0
2014-06-20,0
2014-06-21,0
2014-06-22,0
2014-06-23,-0.1779
2014-06-24,0
2014-06-25,0
2014-06-26,0
2014-06-27,0
2014-06-28,0
2014-06-29,0.34
2014-06-30,0
2014-07-01,0
2014-07-02,0
2014-07-03,0
2014-07-04,0.0
2014-07-05,0
2014-07-06,0
2014-07-07,0
2014-07-08,0
2014-07-09,-0.156
2014-07-10,-0.129475
2014-07-11,0
2014-07-12,0
2014-07-13,0
2014-07-14,0
2014-07-15,0.0
2014-07-16,0.0
2014-07-17,0
2014-07-18,0
2014-07-19,0
2014-07-20,0
2014-07-21,0
2014-07-22,0
2014-07-23,0
2014-07-24,0
2014-07-25,0
2014-07-26,0
2014-07-27,0
2014-07-28,0
2014-07-29,0
2014-07-30,0
2014-07-31,0
2014-08-01,0
2014-08-02,0
2014-08-03,-0.4767
2014-08-04,0
2014-08-05,0
2014-08-06,0
2014-08-07,0
2014-08-08,0.3612
2014-08-09,0
2014-08-10,0
2014-08-11,0
2014-08-12,0
2014-08-13,0
2014-08-14,0
2014-08-15,0
2014-08-16,0.0
2014-08-17,0
2014-08-18,0
2014-08-19,0
2014-08-20,0
2014-08-21,0
2014-08-22,0
2014-08-23,-0.5574
2014-08-24,0.0
2014-08-25,0
2014-08-26,0
2014-08-27,0.0
2014-08-28,0
2014-08-29,0.0
2014-08-30,0
2014-08-31,0
2014-09-01,0
2014-09-02,0
2014-09-03,0
2014-09-04,-0.7269
2014-09-05,0
2014-09-06,0
2014-09-07,0
2014-09-08,0
2014-09-09,0
2014-09-10,0
2014-09-11,0
2014-09-12,0
2014-09-13,0
2014-09-14,0
2014-09-15,0
2014-09-16,0
2014-09-17,0
2014-09-18,0
2014-09-19,0
2014-09-20,0
2014-09-21,0
2014-09-22,0.0
2014-09-23,0
2014-09-24,0
2014-09-25,0
2014-09-26,0
2014-09-27,0
2014-09-28,0
2014-09-29,0.0
2014-09-30,0
2014-10-01,0
2014-10-02,0
2014-10-03,0
2014-10-04,0
2014-10-05,0
2014-10-06,0
2014-10-07,0.4019
2014-10-08,-0.0516
2014-10-09,0
2014-10-10,0
2014-10-11,0
2014-10-12,0
2014-10-13,0
2014-10-14,0
2014-10-15,0
2014-10-16,0
2014-10-17,0
2014-10-18,0.636
2014-10-19,-0.3147
2014-10-20,0.5106
2014-10-21,0.21005
2014-10-22,0
2014-10-23,0
2014-10-24,0
2014-10-25,0.0
2014-10-26,0
2014-10-27,0
2014-10-28,0
2014-10-29,0
2014-10-30,0
2014-10-31,0
2014-11-01,-0.34
2014-11-02,0
2014-11-03,0
2014-11-04,0
2014-11-05,0
2014-11-06,0.3818
2014-11-07,0
2014-11-08,0
2014-11-09,-0.34725
2014-11-10,-0.1027
2014-11-11,0
2014-11-12,0
2014-11-13,0
2014-11-14,0
2014-11-15,0.0
2014-11-16,0
2014-11-17,-0.255
2014-11-18,0.0
2014-11-19,-0.01375000000000004
2014-11-20,0
2014-11-21,0
2014-11-22,0
2014-11-23,0
2014-11-24,0
2014-11-25,0
2014-11-26,0
2014-11-27,0
2014-11-28,0
2014-11-29,0
2014-11-30,0
2014-12-01,0.20095
2014-12-02,0
2014-12-03,0
2014-12-04,0
2014-12-05,0
2014-12-06,0
2014-12-07,0
2014-12-08,0
2014-12-09,0
2014-12-10,0
2014-12-11,-0.765
2014-12-12,0.0
2014-12-13,0
2014-12-14,0.0
2014-12-15,0
2014-12-16,0
2014-12-17,0
2014-12-18,0
2014-12-19,0
2014-12-20,0
2014-12-21,0
2014-12-22,0
2014-12-23,0.0
2014-12-24,0.0
2014-12-25,0
2014-12-26,0.3818
2014-12-27,0
2014-12-28,0
2014-12-29,0.00965000000000002
2014-12-30,-0.31245
2014-12-31,0
2015-01-01,0
2015-01-02,0.0
2015-01-03,0
2015-01-04,0
2015-01-05,0
2015-01-06,0
2015-01-07,0
2015-01-08,0
2015-01-09,0
2015-01-10,0
2015-01-11,0
2015-01-12,0
2015-01-13,0.0
2015-01-14,0
2015-01-15,0
2015-01-16,-0.6486
2015-01-17,0.0
2015-01-18,0
2015-01-19,0
2015-01-20,-0.4588
2015-01-21,0
2015-01-22,-0.20095
2015-01-23,0
2015-01-24,0
2015-01-25,0
2015-01-26,0.0
2015-01-27,-0.3182
2015-01-28,0
2015-01-29,0.042899999999999994
2015-01-30,0
2015-01-31,0.7101
2015-02-01,0
2015-02-02,0
2015-02-03,0
2015-02-04,0
2015-02-05,0
2015-02-06,0.0
2015-02-07,0
2015-02-08,0
2015-02-09,0.0
2015-02-10,0.1591
2015-02-11,0.025733333333333334
2015-02-12,0
2015-02-13,0.0
2015-02-14,0
2015-02-15,0
2015-02-16,0.14049999999999999
2015-02-17,0.1027
2015-02-18,0.2732
2015-02-19,0.0
2015-02-20,0
2015-02-21,0
2015-02-22,0.0
2015-02-23,0.7712
2015-02-24,0.0
2015-02-25,0
2015-02-26,0.0
2015-02-27,-0.0386
2015-02-28,0.0
2015-03-01,0
2015-03-02,0.3182
2015-03-03,-0.024933333333333346
2015-03-04,0
2015-03-05,0.0
2015-03-06,0.7351
2015-03-07,0
2015-03-08,0
2015-03-09,0.0
2015-03-10,0
2015-03-11,0
2015-03-12,0
2015-03-13,0
2015-03-14,0
2015-03-15,0
2015-03-16,0.0
2015-03-17,0
2015-03-18,0
2015-03-19,-0.39810000000000006
2015-03-20,0
2015-03-21,0
2015-03-22,0
2015-03-23,0.2263
2015-03-24,0.0
2015-03-25,0
2015-03-26,0
2015-03-27,0
2015-03-28,0
2015-03-29,0
2015-03-30,0
2015-03-31,0.0
2015-04-01,-0.1589
2015-04-02,0
2015-04-03,-0.4767
2015-04-04,0
2015-04-05,0
2015-04-06,0
2015-04-07,0.0
2015-04-08,0
2015-04-09,-0.0683
2015-04-10,0.1366
2015-04-11,-0.4404
2015-04-12,0
2015-04-13,0.4939
2015-04-14,0.0
2015-04-15,0
2015-04-16,0
2015-04-17,0
2015-04-18,0
2015-04-19,0
2015-04-20,0.0
2015-04-21,-0.4404
2015-04-22,0.0
2015-04-23,0
2015-04-24,0
2015-04-25,0.0
2015-04-26,0.0
2015-04-27,-0.296
2015-04-28,-0.1591
2015-04-29,-0.3182
2015-04-30,0.23835
2015-05-01,-0.32289999999999996
2015-05-02,0
2015-05-03,-0.23835
2015-05-04,0.0
2015-05-05,-0.03049999999999999
2015-05-06,0
2015-05-07,0
2015-05-08,0
2015-05-09,0
2015-05-10,0
2015-05-11,0.0
2015-05-12,0.7269
2015-05-13,0.5859
2015-05-14,0
2015-05-15,0.3818
2015-05-16,0
2015-05-17,0.41000000000000003
2015-05-18,-0.296
2015-05-19,0
2015-05-20,0.3404
2015-05-21,-0.21669999999999998
2015-05-22,0.0
2015-05-23,0
2015-05-24,0
2015-05-25,0
2015-05-26,0.0
2015-05-27,0
2015-05-28,0
2015-05-29,0.0
2015-05-30,0
2015-05-31,0
2015-06-01,0
2015-06-02,-0.23343333333333335
2015-06-03,0.0
2015-06-04,0
2015-06-05,0.0258
2015-06-06,0
2015-06-07,0
2015-06-08,0
2015-06-09,0.0
2015-06-10,0.0
2015-06-11,-0.21989999999999998
2015-06-12,-0.027899999999999998
2015-06-13,0
2015-06-14,0
2015-06-15,0
2015-06-16,0.27115
2015-06-17,0
2015-06-18,0
2015-06-19,0.3825
2015-06-20,0
2015-06-21,0
2015-06-22,0.0
2015-06-23,0
2015-06-24,0.0
2015-06-25,0.0
2015-06-26,0.07774999999999999
2015-06-27,-0.6597
2015-06-28,0
2015-06-29,0
2015-06-30,0
2015-07-01,0.5106
2015-07-02,0.34
2015-07-03,0
2015-07-04,0
2015-07-05,0
2015-07-06,0.0
2015-07-07,-0.5242
2015-07-08,0
2015-07-09,0.0
2015-07-10,0.0
2015-07-11,0
2015-07-12,0
2015-07-13,0.2202
2015-07-14,-0.3182
2015-07-15,0.0
2015-07-16,0.3612
2015-07-17,0.0423
2015-07-18,0
2015-07-19,0
2015-07-20,0
2015-07-21,0.2202
2015-07-22,-0.6269
2015-07-23,0.0
2015-07-24,0
2015-07-25,0
2015-07-26,0
2015-07-27,0.32080000000000003
2015-07-28,0
2015-07-29,0
2015-07-30,0.0
2015-07-31,0.0
2015-08-01,0
2015-08-02,0
2015-08-03,0
2015-08-04,0.125
2015-08-05,0.0
2015-08-06,0.1909
2015-08-07,0.0
2015-08-08,0
2015-08-09,0
2015-08-10,0
2015-08-11,0.0
2015-08-12,-0.11333333333333334
2015-08-13,0
2015-08-14,0.0
2015-08-15,0.0
2015-08-16,0.0
2015-08-17,-0.17102
2015-08-18,0.0
2015-08-19,0
2015-08-20,0
2015-08-21,0
2015-08-22,0
2015-08-23,0
2015-08-24,-0.6369
2015-08-25,0
2015-08-26,0
2015-08-27,-0.296
2015-08-28,-0.148
2015-08-29,0
2015-08-30,0
2015-08-31,0
2015-09-01,0.26835
2015-09-02,-0.22674999999999998
2015-09-03,0
2015-09-04,0
2015-09-05,0
2015-09-06,0
2015-09-07,0
2015-09-08,0
2015-09-09,0
2015-09-10,0.0
2015-09-11,0
2015-09-12,0
2015-09-13,0
2015-09-14,0
2015-09-15,-0.4404
2015-09-16,0.08895
2015-09-17,0.5859
2015-09-18,0
2015-09-19,0
2015-09-20,0
2015-09-21,0.1366
2015-09-22,0
2015-09-23,0
2015-09-24,-0.27086666666666664
2015-09-25,0.0
2015-09-26,0
2015-09-27,0
2015-09-28,0.7964
2015-09-29,0.2732
2015-09-30,0
2015-10-01,0
2015-10-02,0.0
2015-10-03,-0.4767
2015-10-04,0.0
2015-10-05,0.0
2015-10-06,0
2015-10-07,0.0
2015-10-08,0
2015-10-09,0
2015-10-10,0
2015-10-11,0.4019
2015-10-12,-0.5106
2015-10-13,-0.09106666666666667
2015-10-14,0.1027
2015-10-15,0
2015-10-16,0.3818
2015-10-17,0.0
2015-10-18,0
2015-10-19,0.0
2015-10-20,0.07955
2015-10-21,0.0
2015-10-22,0.0
2015-10-23,-0.2997
2015-10-24,0.0
2015-10-25,-0.5719
2015-10-26,0.0
2015-10-27,0.34
2015-10-28,-0.12668333333333334
2015-10-29,0.17020000000000002
2015-10-30,0.09866666666666667
2015-10-31,-0.15985
2015-11-01,0
2015-11-02,0
2015-11-03,-0.15985
2015-11-04,0.0
2015-11-05,0
2015-11-06,0.372725
2015-11-07,0.0
2015-11-08,-0.3197
2015-11-09,-0.3397
2015-11-10,0.0
2015-11-11,-0.21989999999999998
2015-11-12,0.3818
2015-11-13,0
2015-11-14,0.0
2015-11-15,0.28353333333333336
2015-11-16,0.23835
2015-11-17,0.1468
2015-11-18,-0.1338
2015-11-19,0.34
2015-11-20,0
2015-11-21,0.128
2015-11-22,0
2015-11-23,0.5719
2015-11-24,-0.19476
2015-11-25,0
2015-11-26,0
2015-11-27,-0.5574
2015-11-28,0
2015-11-29,0
2015-11-30,0.0411
2015-12-01,0.1909
2015-12-02,0
2015-12-03,-0.1589
2015-12-04,0.3818
2015-12-05,0.0
2015-12-06,0
2015-12-07,-0.025825
2015-12-08,0.1589
2015-12-09,0.2935666666666667
2015-12-10,0.4019
2015-12-11,0.05135
2015-12-12,0.29295
2015-12-13,0
2015-12-14,-0.35718333333333335
2015-12-15,-0.25943333333333335
2015-12-16,0.0129
2015-12-17,0.16858333333333334
2015-12-18,0.11333333333333334
2015-12-19,0
2015-12-20,0.24813333333333332
2015-12-21,0.6369
2015-12-22,0
2015-12-23,0.30744
2015-12-24,0.0
2015-12-25,0.0
2015-12-26,0
2015-12-27,0.23810000000000003
2015-12-28,-0.128
2015-12-29,0.0
2015-12-30,0.2787
2015-12-31,-0.4215
2016-01-01,0
2016-01-02,0
2016-01-03,-0.4767
2016-01-04,0
2016-01-05,0.42115
2016-01-06,0.0
2016-01-07,0.1571
2016-01-08,0.0
2016-01-09,0.0
2016-01-10,0.3612
2016-01-11,0
2016-01-12,0.4019
2016-01-13,0.4019
2016-01-14,0.0
2016-01-15,0.0754
2016-01-16,0
2016-01-17,0
2016-01-18,0.0
2016-01-19,-0.06956000000000001
2016-01-20,0.128
2016-01-21,0.0
2016-01-22,0.4939
2016-01-23,0.8074
2016-01-24,0
2016-01-25,0.5399
2016-01-26,0
2016-01-27,0.6705
2016-01-28,0.20095
2016-01-29,0.14049999999999999
2016-01-30,0.27115
2016-01-31,0.0
2016-02-01,0.13935
2016-02-02,0.2202
2016-02-03,-0.23835
2016-02-04,0.148
2016-02-05,-0.148
2016-02-06,0.0
2016-02-07,0
2016-02-08,0.0
2016-02-09,0.11333333333333334
2016-02-10,0
2016-02-11,-0.3818
2016-02-12,0.0
2016-02-13,0.0
2016-02-14,0
2016-02-15,0
2016-02-16,0.1335
2016-02-17,0.0386
2016-02-18,-0.028979999999999995
2016-02-19,0.0
2016-02-20,0.128
2016-02-21,0
2016-02-22,0.41169999999999995
2016-02-23,0.0
2016-02-24,0.20095
2016-02-25,0.0
2016-02-26,-0.5574
2016-02-27,0.2263
2016-02-28,0.0
2016-02-29,-0.21820000000000003
2016-03-01,0.0
2016-03-02,0.0
2016-03-03,-0.23835
2016-03-04,0.4019
2016-03-05,0
2016-03-06,0.0
2016-03-07,-0.32985
2016-03-08,0.10115
2016-03-09,0.17
2016-03-10,0.0
2016-03-11,0.4588
2016-03-12,0
2016-03-13,0.0
2016-03-14,-0.14055
2016-03-15,0.0
2016-03-16,-0.1366
2016-03-17,0.20095
2016-03-18,-0.074
2016-03-19,0.0
2016-03-20,0
2016-03-21,-0.10175000000000001
2016-03-22,0.128
2016-03-23,0.4019
2016-03-24,0.11649999999999999
2016-03-25,0.2247
2016-03-26,0
2016-03-27,0
2016-03-28,0.11235
2016-03-29,-0.3566
2016-03-30,-0.17
2016-03-31,0.0
2016-04-01,0
2016-04-02,0
2016-04-03,-0.4767
2016-04-04,-0.32985
2016-04-05,0.0
2016-04-06,0.24796666666666667
2016-04-07,0.17098
2016-04-08,0
2016-04-09,0
2016-04-10,0
2016-04-11,0.0
2016-04-12,-0.15997999999999998
2016-04-13,0.0
2016-04-14,0.2202
2016-04-15,0
2016-04-16,0
2016-04-17,0
2016-04-18,0.1753
2016-04-19,0.041833333333333333
2016-04-20,0.0
2016-04-21,0
2016-04-22,-0.8689
2016-04-23,0
2016-04-24,0
2016-04-25,0.1909
2016-04-26,0.0
2016-04-27,0.06930000000000003
2016-04-28,0.0
2016-04-29,0.0
2016-04-30,0
2016-05-01,0
2016-05-02,0.3818
2016-05-03,-0.1589
2016-05-04,0.0
2016-05-05,-0.0593
2016-05-06,0.5106
2016-05-07,0.0
2016-05-08,0
2016-05-09,0.4588
2016-05-10,0.0
2016-05-11,0.0
2016-05-12,0.0
2016-05-13,0
2016-05-14,0
2016-05-15,0.33525
2016-05-16,0.2851666666666667
2016-05-17,0.0
2016-05-18,0.22950000000000004
2016-05-19,0.0
2016-05-20,0.3818
2016-05-21,0.4939
2016-05-22,0
2016-05-23,-0.4019
2016-05-24,-0.17
2016-05-25,0.4019
2016-05-26,0.47550000000000003
2016-05-27,0.0
2016-05-28,0
2016-05-29,0
2016-05-30,0.0
2016-05-31,0.0
2016-06-01,-0.10413333333333334
2016-06-02,0.0
2016-06-03,-0.4767
2016-06-04,0.0
2016-06-05,0.0
2016-06-06,0.2495333333333333
2016-06-07,0
2016-06-08,0.5466500000000001
2016-06-09,0.0
2016-06-10,-0.26744999999999997
2016-06-11,-0.875
2016-06-12,-0.2553
2016-06-13,-0.15236666666666668
2016-06-14,0.130375
2016-06-15,0.08895
2016-06-16,0.0
2016-06-17,0
2016-06-18,-0.6597
2016-06-19,0.0
2016-06-20,-0.1468
2016-06-21,0.1953
2016-06-22,-0.0916
2016-06-23,0.0
2016-06-24,0.0
2016-06-25,0
2016-06-26,0.31245
2016-06-27,0.125
2016-06-28,-0.1366
2016-06-29,-0.105375
2016-06-30,-0.34
2016-07-01,-0.4767
2016-07-02,0
2016-07-03,-0.4767
2016-07-04,0.0
2016-07-05,0.0
2016-07-06,0.4019
2016-07-07,-0.4215
2016-07-08,0.04813333333333334
2016-07-09,-0.3182
2016-07-10,0.0
2016-07-11,0
2016-07-12,-0.4958
2016-07-13,0.34
2016-07-14,0.0
2016-07-15,0.1366
2016-07-16,0
2016-07-17,0
2016-07-18,0.0
2016-07-19,0
2016-07-20,0.14049999999999999
2016-07-21,0.0
2016-07-22,0.4019
2016-07-23,0
2016-07-24,0.0
2016-07-25,0.34
2016-07-26,0.0
2016-07-27,-0.5994
2016-07-28,0.0
2016-07-29,0
2016-07-30,0
2016-07-31,0.4939
2016-08-01,-0.035449999999999995
2016-08-02,0
2016-08-03,-0.4767
2016-08-04,0.0
2016-08-05,0
2016-08-06,0
2016-08-07,0.14049999999999999
2016-08-08,0.0
2016-08-09,-0.11333333333333334
2016-08-10,0
2016-08-11,-0.3592
2016-08-12,-0.3592
2016-08-13,0
2016-08-14,0.4215
2016-08-15,-0.06344999999999999
2016-08-16,0.21230000000000002
2016-08-17,0
2016-08-18,0
2016-08-19,-0.6908
2016-08-20,0
2016-08-21,0.2294
2016-08-22,0.08399999999999999
2016-08-23,0
2016-08-24,-0.4939
2016-08-25,0.0593
2016-08-26,0
2016-08-27,0
2016-08-28,0.0
2016-08-29,0.5654
2016-08-30,0.0
2016-08-31,0.16926000000000002
2016-09-01,-0.128
2016-09-02,0
2016-09-03,-0.4767
2016-09-04,0.0
2016-09-05,0
2016-09-06,0
2016-09-07,-0.05956666666666669
2016-09-08,0.08521428571428571
2016-09-09,-0.4455
2016-09-10,0
2016-09-11,0.08895
2016-09-12,0.0
2016-09-13,0.0
2016-09-14,0
2016-09-15,0
2016-09-16,-0.053349999999999995
2016-09-17,0
2016-09-18,0.23835
2016-09-19,0.11315
2016-09-20,-0.1531
2016-09-21,0.0
2016-09-22,0
2016-09-23,0.0
2016-09-24,0.0
2016-09-25,0
2016-09-26,0.123475
2016-09-27,0.3612
2016-09-28,0.17908
2016-09-29,0.1733
2016-09-30,-0.031233333333333325
2016-10-01,0.0
2016-10-02,0
2016-10-03,-0.16585
2016-10-04,0.0
2016-10-05,-0.4019
2016-10-06,-0.1758666666666667
2016-10-07,0
2016-10-08,0
2016-10-09,0.0
2016-10-10,0.1591
2016-10-11,0.016250000000000014
2016-10-12,-0.3818
2016-10-13,-0.24044
2016-10-14,0.0129
2016-10-15,0.0
2016-10-16,0
2016-10-17,-0.074
2016-10-18,0.06257500000000002
2016-10-19,0.012733333333333333
2016-10-20,0.0
2016-10-21,0.068
2016-10-22,0.20095
2016-10-23,0.4215
2016-10-24,0.3612
2016-10-25,-0.123675
2016-10-26,0.344325
2016-10-27,0.072775
2016-10-28,0.5574
2016-10-29,0.5267
2016-10-30,0.0
2016-10-31,0.45505
2016-11-01,0.0593
2016-11-02,0.0
2016-11-03,-0.4767
2016-11-04,-0.2668333333333333
2016-11-05,0.0
2016-11-06,-0.05135
2016-11-07,-0.042366666666666664
2016-11-08,0.0
2016-11-09,0.368
2016-11-10,-0.7249
2016-11-11,-0.14365
2016-11-12,0.0
2016-11-13,0
2016-11-14,-0.024050000000000002
2016-11-15,-0.05844999999999999
2016-11-16,0.03912
2016-11-17,0.0
2016-11-18,0.4019
2016-11-19,0.0
2016-11-20,0.012633333333333335
2016-11-21,0.23403333333333334
2016-11-22,0.12883333333333333
2016-11-23,0
2016-11-24,-0.4869
2016-11-25,-0.2997
2016-11-26,0
2016-11-27,0.1779
2016-11-28,0.0
2016-11-29,0.0
2016-11-30,0.0
2016-12-01,-0.04743333333333332
2016-12-02,0.0
2016-12-03,-0.5682
2016-12-04,0
2016-12-05,0
2016-12-06,-0.0516
2016-12-07,0.0
2016-12-08,0.6369
2016-12-09,0.0
2016-12-10,0.25
2016-12-11,0.0
2016-12-12,0.21854
2016-12-13,0.1768
2016-12-14,-0.03733333333333333
2016-12-15,0.159225
2016-12-16,0.3474333333333333
2016-12-17,0.0
2016-12-18,0.0
2016-12-19,0.0
2016-12-20,-0.10115
2016-12-21,0
2016-12-22,-0.45695
2016-12-23,0.0
2016-12-24,0
2016-12-25,-0.6486
2016-12-26,0
2016-12-27,0.0
2016-12-28,0
2016-12-29,-0.02966
2016-12-30,0.1027
2016-12-31,0
2017-01-01,0
2017-01-02,0
2017-01-03,-0.1589
2017-01-04,0.3818
2017-01-05,0.31845
2017-01-06,-0.025099999999999997
2017-01-07,0
2017-01-08,0
2017-01-09,-0.09092499999999999
2017-01-10,0
2017-01-11,0.0
2017-01-12,0.0
2017-01-13,0.14049999999999999
2017-01-14,0.0
2017-01-15,-0.7003
2017-01-16,0.6249
2017-01-17,0.0
2017-01-18,-0.21075
2017-01-19,0.5423
2017-01-20,0.34
2017-01-21,0
2017-01-22,-0.6705
2017-01-23,0.3056
2017-01-24,0.0
2017-01-25,0.0
2017-01-26,0.0
2017-01-27,-0.016133333333333333
2017-01-28,-0.25
2017-01-29,0
2017-01-30,0
2017-01-31,0.34
2017-02-01,0.0032833333333333417
2017-02-02,0.31432499999999997
2017-02-03,-0.07925000000000001
2017-02-04,0.1591
2017-02-05,0.3182
2017-02-06,-0.20879999999999999
2017-02-07,0.3182
2017-02-08,0.0
2017-02-09,0.2553
2017-02-10,0.2023
2017-02-11,0
2017-02-12,0.6896
2017-02-13,0.06743333333333333
2017-02-14,-0.23653333333333335
2017-02-15,-0.1727
2017-02-16,0.06714
2017-02-17,0.09866666666666667
2017-02-18,0.0
2017-02-19,0.119175
2017-02-20,0.0
2017-02-21,0.0
2017-02-22,0.13396666666666665
2017-02-23,0
2017-02-24,-0.16538333333333333
2017-02-25,-0.4939
2017-02-26,-0.296
2017-02-27,-0.0646
2017-02-28,0.20095
2017-03-01,0.2716
2017-03-02,-0.1779
2017-03-03,-0.23835
2017-03-04,0
2017-03-05,0.0
2017-03-06,0.0
2017-03-07,0.0
2017-03-08,-0.17663333333333334
2017-03-09,0.0
2017-03-10,-0.148
2017-03-11,0.0
2017-03-12,0
2017-03-13,0.0
2017-03-14,0.0
2017-03-15,0
2017-03-16,0
2017-03-17,-0.09866666666666667
2017-03-18,0
2017-03-19,0.0258
2017-03-20,-0.074
2017-03-21,0
2017-03-22,0.0
2017-03-23,0.0
2017-03-24,-0.08781666666666667
2017-03-25,0
2017-03-26,0.0
2017-03-27,0.4767
2017-03-28,0.148
2017-03-29,0.0
2017-03-30,0
2017-03-31,0.42075
2017-04-01,0
2017-04-02,0.0
2017-04-03,-0.013800000000000007
2017-04-04,0.34
2017-04-05,0.100475
2017-04-06,0.296
2017-04-07,0
2017-04-08,0
2017-04-09,0
2017-04-10,-0.26335
2017-04-11,0.0
2017-04-12,0.0
2017-04-13,0.1779
2017-04-14,0
2017-04-15,0.0
2017-04-16,0
2017-04-17,-0.4767
2017-04-18,0.0
2017-04-19,-0.02363333333333333
2017-04-20,-0.3182
2017-04-21,0.3352
2017-04-22,0
2017-04-23,0
2017-04-24,-0.05135
2017-04-25,0.0
2017-04-26,0.0
2017-04-27,0.0
2017-04-28,0.0
2017-04-29,0.0
2017-04-30,0
2017-05-01,-0.0772
2017-05-02,-0.1027
2017-05-03,-0.3447
2017-05-04,-0.15342
2017-05-05,-0.147575
2017-05-06,-0.2263
2017-05-07,0
2017-05-08,0.0
2017-05-09,0.0
2017-05-10,0.08895
2017-05-11,0.0
2017-05-12,0.0
2017-05-13,0.010733333333333336
2017-05-14,0.2006
2017-05-15,0.0
2017-05-16,0.0
2017-05-17,0.16706666666666667
2017-05-18,-0.0258
2017-05-19,0.16463333333333333
2017-05-20,0.0
2017-05-21,0
2017-05-22,0.148
2017-05-23,-0.2787
2017-05-24,0.4043833333333333
2017-05-25,-0.39185
2017-05-26,0
2017-05-27,0.0
2017-05-28,0
2017-05-29,0
2017-05-30,0
2017-05-31,0
2017-06-01,0.03305
2017-06-02,0
2017-06-03,-0.23835
2017-06-04,0.1366
2017-06-05,0.17452
2017-06-06,-0.119175
2017-06-07,0.0
2017-06-08,-0.05
2017-06-09,0.17556666666666665
2017-06-10,0.0
2017-06-11,0
2017-06-12,-0.1589
2017-06-13,-0.064
2017-06-14,0.20095
2017-06-15,0.0
2017-06-16,0.0
2017-06-17,-0.128
2017-06-18,0.07655
2017-06-19,-0.2628
2017-06-20,0.2235
2017-06-21,0.4767
2017-06-22,0.0
2017-06-23,0.0
2017-06-24,0.3612
2017-06-25,0
2017-06-26,0
2017-06-27,-0.015128571428571424
2017-06-28,-0.17754999999999999
2017-06-29,0.18783333333333332
2017-06-30,0.23835
2017-07-01,0
2017-07-02,0.0
2017-07-03,-0.23835
2017-07-04,0.0
2017-07-05,0.10115
2017-07-06,0.2473
2017-07-07,-0.4019
2017-07-08,0.7717
2017-07-09,0.11333333333333334
2017-07-10,0.0129
2017-07-11,0.06867500000000001
2017-07-12,0
2017-07-13,0.0
2017-07-14,0.2263
2017-07-15,0
2017-07-16,-0.13194
2017-07-17,0.100475
2017-07-18,-0.05305000000000001
2017-07-19,0.0
2017-07-20,0.0
2017-07-21,0
2017-07-22,0
2017-07-23,0
2017-07-24,0.4461333333333333
2017-07-25,0.0
2017-07-26,0.1589
2017-07-27,-0.5423
2017-07-28,0.1779
2017-07-29,0
2017-07-30,0.05283333333333334
2017-07-31,0.1779
2017-08-01,0.36005
2017-08-02,0.125
2017-08-03,-0.23835
2017-08-04,0.21230000000000002
2017-08-05,0.2023
2017-08-06,0.0
2017-08-07,-0.10858000000000001
2017-08-08,0.07089999999999999
2017-08-09,0.0
2017-08-10,0.0
2017-08-11,0.0
2017-08-12,0
2017-08-13,0
2017-08-14,0.0
2017-08-15,0.35875
2017-08-16,0.15264
2017-08-17,0.0593
2017-08-18,0
2017-08-19,0
2017-08-20,0
2017-08-21,0
2017-08-22,0.23026666666666665
2017-08-23,-0.0258
2017-08-24,0.0
2017-08-25,0.0
2017-08-26,0
2017-08-27,-0.08004545454545454
2017-08-28,0.27086666666666664
2017-08-29,0
2017-08-30,-0.2202
2017-08-31,0.0
2017-09-01,0.2553
2017-09-02,0.4019
2017-09-03,-0.4767
2017-09-04,0.3182
2017-09-05,-0.09866666666666667
2017-09-06,0.24905
2017-09-07,-0.088725
2017-09-08,0.0
2017-09-09,0.30622499999999997
2017-09-10,-0.5849
2017-09-11,0
2017-09-12,0
2017-09-13,0.03510000000000002
2017-09-14,-0.064
2017-09-15,0.31083333333333335
2017-09-16,-0.5574
2017-09-17,0
2017-09-18,0.2553
2017-09-19,-0.131675
2017-09-20,-0.125
2017-09-21,0.0
2017-09-22,-0.21989999999999998
2017-09-23,0.0
2017-09-24,0.1909
2017-09-25,0.168775
2017-09-26,0
2017-09-27,0.12040000000000001
2017-09-28,0.0903
2017-09-29,0.0
2017-09-30,0.0
2017-10-01,0.1468
2017-10-02,-0.08155000000000001
2017-10-03,-0.119175
2017-10-04,0.07311999999999999
2017-10-05,-0.2787
2017-10-06,-0.227525
2017-10-07,-0.3182
2017-10-08,0
2017-10-09,0.1806
2017-10-10,0.0
2017-10-11,0.131675
2017-10-12,0.0
2017-10-13,0.0
2017-10-14,0.0
2017-10-15,0.0
2017-10-16,-0.052828571428571426
2017-10-17,0.11663333333333335
2017-10-18,0.025357142857142863
2017-10-19,0.007166666666666673
2017-10-20,0.26776666666666665
2017-10-21,0.4215
2017-10-22,0.20095
2017-10-23,0.0
2017-10-24,-0.046950000000000006
2017-10-25,0.17
2017-10-26,0.0
2017-10-27,0.08808
2017-10-28,-0.6808
2017-10-29,0.0
2017-10-30,0.0
2017-10-31,0.1468
2017-11-01,-0.192925
2017-11-02,0.06743333333333333
2017-11-03,0.1027
2017-11-04,0
2017-11-05,0
2017-11-06,0.24256666666666668
2017-11-07,0.2543666666666667
2017-11-08,-0.15158
2017-11-09,0
2017-11-10,-0.10533999999999999
2017-11-11,0
2017-11-12,0.0
2017-11-13,-0.06743333333333333
2017-11-14,0.0
2017-11-15,0.0
2017-11-16,0.0
2017-11-17,0.032
2017-11-18,0.11315
2017-11-19,0
2017-11-20,-0.4588
2017-11-21,0.0
2017-11-22,0
2017-11-23,0.0
2017-11-24,0.0
2017-11-25,0
2017-11-26,0.0978
2017-11-27,0.1682375
2017-11-28,0.0
2017-11-29,0
2017-11-30,-0.05597142857142856
2017-12-01,0.06062000000000001
2017-12-02,0.2202
2017-12-03,0.2202
2017-12-04,0.09545
2017-12-05,0.256575
2017-12-06,0.11405
2017-12-07,0.2611
2017-12-08,0.22515999999999997
2017-12-09,0
2017-12-10,0.23835
2017-12-11,0.0
2017-12-12,0.09866666666666667
2017-12-13,0
2017-12-14,0.08808
2017-12-15,-0.15493333333333334
2017-12-16,0
2017-12-17,0.09866666666666667
2017-12-18,0.005025000000000002
2017-12-19,-0.5859
2017-12-20,0.0
2017-12-21,0.2873
2017-12-22,0.1806
2017-12-23,0
2017-12-24,0.11315
2017-12-25,-0.3612
2017-12-26,0.0
2017-12-27,0.0
2017-12-28,0.7462500000000001
2017-12-29,-0.5106
2017-12-30,-0.34
2017-12-31,0.5859
2018-01-01,0.3182
2018-01-02,0.0
2018-01-03,0.148
2018-01-04,0
2018-01-05,0.47755000000000003
2018-01-06,0
2018-01-07,0.0
2018-01-08,0.0
2018-01-09,-0.25
2018-01-10,0.21619999999999998
2018-01-11,0.5574
2018-01-12,-0.0382
2018-01-13,0
2018-01-14,0.0
2018-01-15,0
2018-01-16,0.0
2018-01-17,-0.290525
2018-01-18,0.002999999999999989
2018-01-19,0.160075
2018-01-20,0
2018-01-21,0.4767
2018-01-22,-0.19345
2018-01-23,-0.17200000000000001
2018-01-24,0.12315
2018-01-25,-0.2202
2018-01-26,0.0
2018-01-27,0.08475
2018-01-28,0
2018-01-29,0.0
2018-01-30,0.05135
2018-01-31,-0.06924
2018-02-01,-0.1897333333333333
2018-02-02,0.2612333333333333
2018-02-03,0
2018-02-04,0
2018-02-05,0.004479999999999995
2018-02-06,0
2018-02-07,0.23653333333333335
2018-02-08,0.0
2018-02-09,-0.05135
2018-02-10,0.0
2018-02-11,0.0
2018-02-12,0.1998
2018-02-13,0.0
2018-02-14,0.0
2018-02-15,0.1468
2018-02-16,0.0
2018-02-17,0
2018-02-18,-0.32985
2018-02-19,-0.4215
2018-02-20,-0.042666666666666665
2018-02-21,0.08895
2018-02-22,-0.23835
2018-02-23,0.10606666666666666
2018-02-24,0
2018-02-25,0.0
2018-02-26,-0.06834285714285715
2018-02-27,0.3567
2018-02-28,0.01056666666666665
2018-03-01,0.0
2018-03-02,-0.09106666666666667
2018-03-03,0
2018-03-04,0.09
2018-03-05,-0.11315
2018-03-06,-0.08056666666666666
2018-03-07,0.6647
2018-03-08,0.0
2018-03-09,0.28595
2018-03-10,0
2018-03-11,0.53805
2018-03-12,-0.17
2018-03-13,-0.1147
2018-03-14,0.2202
2018-03-15,-0.26335
2018-03-16,0.0
2018-03-17,0.0
2018-03-18,0
2018-03-19,0.029099999999999994
2018-03-20,0.0024666666666666665
2018-03-21,0.38585
2018-03-22,-0.128
2018-03-23,0
2018-03-24,0
2018-03-25,0.2997
2018-03-26,0.0
2018-03-27,0.07636
2018-03-28,0.026483333333333334
2018-03-29,0.7184
2018-03-30,0.0
2018-03-31,-0.0386
2018-04-01,-0.20676666666666665
2018-04-02,0
2018-04-03,0.0
2018-04-04,0.06115
2018-04-05,-0.12079999999999999
2018-04-06,0.0
2018-04-07,0
2018-04-08,0.0
2018-04-09,0.0
2018-04-10,0.10115
2018-04-11,-0.135775
2018-04-12,0
2018-04-13,0.0
2018-04-14,0
2018-04-15,0
2018-04-16,-0.12726666666666667
2018-04-17,-0.156225
2018-04-18,0.032299999999999995
2018-04-19,0.324525
2018-04-20,0.0
2018-04-21,-0.6778500000000001
2018-04-22,-0.3612
2018-04-23,-0.18975
2018-04-24,0.4014
2018-04-25,0.0
2018-04-26,-0.07331428571428569
2018-04-27,0.08639999999999999
2018-04-28,0
2018-04-29,0.4939
2018-04-30,0.146025
2018-05-01,0.28595
2018-05-02,0.21230000000000002
2018-05-03,0
2018-05-04,0.0433
2018-05-05,0
2018-05-06,0
2018-05-07,-0.4438
2018-05-08,-0.09833333333333334
2018-05-09,0.0
2018-05-10,0.0
2018-05-11,0.28795
2018-05-12,0.5859
2018-05-13,-0.1909
2018-05-14,-0.296
2018-05-15,0.1101
2018-05-16,0
2018-05-17,-0.38453333333333334
2018-05-18,-0.05135
2018-05-19,0
2018-05-20,0
2018-05-21,-0.765
2018-05-22,0.124875
2018-05-23,-0.123475
2018-05-24,0.11036666666666667
2018-05-25,0.0
2018-05-26,0
2018-05-27,0.0
2018-05-28,0
2018-05-29,0.171275
2018-05-30,0.1003
2018-05-31,0.0
2018-06-01,-0.29965
2018-06-02,0.128
2018-06-03,0
2018-06-04,0.25554
2018-06-05,0
2018-06-06,0.0
2018-06-07,0.0
2018-06-08,0.2827
2018-06-09,0.5719
2018-06-10,0
2018-06-11,0.2553
2018-06-12,0.11444000000000001
2018-06-13,0
2018-06-14,-0.33525
2018-06-15,-0.5267
2018-06-16,0
2018-06-17,0
2018-06-18,-0.17020000000000002
2018-06-19,0.19736000000000004
2018-06-20,0.1744
2018-06-21,0.23026666666666665
2018-06-22,0.0
2018-06-23,0
2018-06-24,0
2018-06-25,0.1366
2018-06-26,-0.1858
2018-06-27,-0.019250000000000017
2018-06-28,-0.1779
2018-06-29,0.09866666666666667
2018-06-30,0
2018-07-01,0
2018-07-02,0.0
2018-07-03,0
2018-07-04,0.064
2018-07-05,0.0
2018-07-06,0.47355
2018-07-07,-0.1816
2018-07-08,0.03000000000000001
2018-07-09,0.21075
2018-07-10,-0.03589999999999999
2018-07-11,-0.34045000000000003
2018-07-12,0.0
2018-07-13,-0.1909
2018-07-14,0
2018-07-15,-0.0172
2018-07-16,0.2023
2018-07-17,0.0
2018-07-18,-0.11315
2018-07-19,0.183025
2018-07-20,0
2018-07-21,-0.06169999999999998
2018-07-22,0.0
2018-07-23,0.3753666666666667
2018-07-24,0.185475
2018-07-25,0.2023
2018-07-26,0.013475
2018-07-27,0.23763333333333336
2018-07-28,0.3182
2018-07-29,0.2553
2018-07-30,0.46493333333333337
2018-07-31,0.26335
2018-08-01,-0.1591
2018-08-02,0.011849999999999972
2018-08-03,0.0
2018-08-04,0.0
2018-08-05,0
2018-08-06,0.3907
2018-08-07,0.11026666666666667
2018-08-08,0.0
2018-08-09,0.07543333333333334
2018-08-10,0.0
2018-08-11,0
2018-08-12,0
2018-08-13,0.0
2018-08-14,-0.19416666666666663
2018-08-15,0.0
2018-08-16,0.6705
2018-08-17,0
2018-08-18,0.0
2018-08-19,0
2018-08-20,0.4088
2018-08-21,0
2018-08-22,-0.1444666666666667
2018-08-23,-0.11333333333333334
2018-08-24,0.4263
2018-08-25,0
2018-08-26,0
2018-08-27,0.5245666666666667
2018-08-28,-0.06413333333333336
2018-08-29,0.3504333333333333
2018-08-30,0.44425
2018-08-31,0
2018-09-01,-0.139
2018-09-02,0.33195
2018-09-03,0.0
2018-09-04,0.2235
2018-09-05,-0.4108
2018-09-06,0.0
2018-09-07,-0.02443333333333333
2018-09-08,0.2779666666666667
2018-09-09,0.0
2018-09-10,0.46565
2018-09-11,0.3182
2018-09-12,0.0
2018-09-13,-0.1468
2018-09-14,-0.3612
2018-09-15,0.0
2018-09-16,-0.4215
2018-09-17,-0.11176666666666667
2018-09-18,0.14339999999999997
2018-09-19,0.08462
2018-09-20,0.0
2018-09-21,0.1366
2018-09-22,-0.0258
2018-09-23,0
2018-09-24,-0.0902
2018-09-25,-0.19923333333333335
2018-09-26,0.4215
2018-09-27,0.36985
2018-09-28,-0.5574
2018-09-29,0
2018-09-30,0.4573333333333333
2018-10-01,0.5358333333333333
2018-10-02,0.2501
2018-10-03,-0.09534000000000001
2018-10-04,0.5106
2018-10-05,0
2018-10-06,-0.39065000000000005
2018-10-07,0.0
2018-10-08,-0.059325
2018-10-09,0.1591
2018-10-10,0.51865
2018-10-11,0.0
2018-10-12,0.0772
2018-10-13,-0.17
2018-10-14,0.0
2018-10-15,0.160675
2018-10-16,-0.765
2018-10-17,0.17478333333333332
2018-10-18,0.3484
2018-10-19,-0.12094
2018-10-20,0.0
2018-10-21,0.01100000000000001
2018-10-22,-0.1589
2018-10-23,0.14550000000000002
2018-10-24,0.2830142857142857
2018-10-25,0.198075
2018-10-26,-0.10010000000000001
2018-10-27,0.22246666666666667
2018-10-28,0.24567500000000003
2018-10-29,0.12211249999999998
2018-10-30,0.12235
2018-10-31,0.17334
2018-11-01,-0.041525000000000006
2018-11-02,-0.074
2018-11-03,0.11333333333333334
2018-11-04,-0.3818
2018-11-05,0.18416666666666667
2018-11-06,0.28353333333333336
2018-11-07,0.07962857142857141
2018-11-08,0.0
2018-11-09,-0.1584
2018-11-10,-0.4253
2018-11-11,0.34
2018-11-12,-0.034120000000000004
2018-11-13,0.40835
2018-11-14,0.10372500000000001
2018-11-15,0.17825000000000002
2018-11-16,0.25761428571428574
2018-11-17,0.34
2018-11-18,-0.028825000000000017
2018-11-19,0.28315
2018-11-20,0.47436666666666666
2018-11-21,-0.36345
2018-11-22,0
2018-11-23,0.17
2018-11-24,0.10373999999999999
2018-11-25,0.3538666666666666
2018-11-26,0.1898
2018-11-27,0.7506
2018-11-28,-0.199825
2018-11-29,0.10666
2018-11-30,0.08496000000000001
2018-12-01,-0.19832
2018-12-02,0.0
2018-12-03,-0.024733333333333347
2018-12-04,0.19423333333333334
2018-12-05,-0.17
2018-12-06,-0.1591
2018-12-07,0.0
2018-12-08,0.1998
2018-12-09,0.07020000000000001
2018-12-10,0.15293333333333334
2018-12-11,-0.0121
2018-12-12,-0.06191428571428572
2018-12-13,0.4092
2018-12-14,-0.28407499999999997
2018-12-15,0.0
2018-12-16,0
2018-12-17,0
2018-12-18,0.18238
2018-12-19,-0.005119999999999991
2018-12-20,-0.24304285714285714
2018-12-21,-0.13258571428571428
2018-12-22,0.0
2018-12-23,0
2018-12-24,-0.34
2018-12-25,0.0
2018-12-26,-0.1591
2018-12-27,0.059199999999999996
2018-12-28,-0.12353333333333333
2018-12-29,-0.05135
2018-12-30,0.3994
2018-12-31,0
2019-01-01,0
2019-01-02,0.35229999999999995
2019-01-03,-0.02965
2019-01-04,0.0
2019-01-05,0.0
2019-01-06,0
2019-01-07,0.14408333333333334
2019-01-08,-0.025414285714285716
2019-01-09,0.24136000000000002
2019-01-10,0.0
2019-01-11,-0.39225
2019-01-12,-0.12040000000000001
2019-01-13,-0.1591
2019-01-14,-0.09327500000000001
2019-01-15,0.0
2019-01-16,0.25365
2019-01-17,0.0
2019-01-18,-0.19063333333333332
2019-01-19,0.0
2019-01-20,0
2019-01-21,-0.5994
2019-01-22,0.11315
2019-01-23,0.159225
2019-01-24,0.0
2019-01-25,0.07109999999999998
2019-01-26,0.24695
2019-01-27,-0.12765
2019-01-28,0.05135
2019-01-29,0.3056
2019-01-30,-0.0262
2019-01-31,0.142975
2019-02-01,0.2553
2019-02-02,0
2019-02-03,0
2019-02-04,0.0
2019-02-05,0.09106666666666667
2019-02-06,0.08895
2019-02-07,0.06705999999999998
2019-02-08,-0.030779999999999995
2019-02-09,0
2019-02-10,0.0
2019-02-11,-0.05221111111111111
2019-02-12,0.18091666666666664
2019-02-13,0.5356749999999999
2019-02-14,0.04526
2019-02-15,0.143625
2019-02-16,-0.39233333333333337
2019-02-17,0.26496666666666663
2019-02-18,0.31245
2019-02-19,0.187
2019-02-20,0.20075
2019-02-21,0.1806833333333333
2019-02-22,-0.27115
2019-02-23,0.0701666666666667
2019-02-24,0.1779
2019-02-25,-0.10185000000000001
2019-02-26,-0.16594
2019-02-27,0.12726666666666667
2019-02-28,0.023555555555555562
2019-03-01,-0.21142500000000003
2019-03-02,0
2019-03-03,0.200425
2019-03-04,0.08086000000000002
2019-03-05,0.3332333333333333
2019-03-06,0.0
2019-03-07,0.011559999999999997
2019-03-08,-0.05103333333333334
2019-03-09,0.2732
2019-03-10,0.1523
2019-03-11,0.0
2019-03-12,0.0
2019-03-13,0.0
2019-03-14,-0.20095
2019-03-15,-0.1858
2019-03-16,0
2019-03-17,0
2019-03-18,0.08750000000000001
2019-03-19,-0.10990000000000001
2019-03-20,0.0
2019-03-21,0.5267
2019-03-22,-0.6808
2019-03-23,0.0
2019-03-24,-0.6908
2019-03-25,-0.07942
2019-03-26,-0.041628571428571425
2019-03-27,0.18517142857142857
2019-03-28,-0.20095
2019-03-29,0.0
2019-03-30,-0.25
2019-03-31,0
2019-04-01,0.16417500000000002
2019-04-02,-0.02054
2019-04-03,-0.0267
2019-04-04,-0.15086666666666668
2019-04-05,-0.009119999999999994
2019-04-06,-0.15896666666666667
2019-04-07,0.0
2019-04-08,-0.05008571428571428
2019-04-09,-0.3612
2019-04-10,0.26872
2019-04-11,-0.1879333333333333
2019-04-12,0.167625
2019-04-13,0.0
2019-04-14,0.161325
2019-04-15,-0.3062
2019-04-16,0.0
2019-04-17,0.0788
2019-04-18,-0.19063333333333335
2019-04-19,0.0
2019-04-20,-0.7269
2019-04-21,-0.6114
2019-04-22,-0.296
2019-04-23,-0.3612
2019-04-24,0.2294
2019-04-25,0
2019-04-26,0.2423
2019-04-27,0.0
2019-04-28,0.0
2019-04-29,-0.1855
2019-04-30,0.23229999999999998
2019-05-01,0.159225
2019-05-02,-0.1909
2019-05-03,0.7177
2019-05-04,-0.1806
2019-05-05,-0.10606666666666666
2019-05-06,0.0
2019-05-07,0.0675
2019-05-08,-0.21075
2019-05-09,0.0
2019-05-10,-0.025099999999999983
2019-05-11,0
2019-05-12,0
2019-05-13,0
2019-05-14,-0.17215
2019-05-15,0.0
2019-05-16,0.16463333333333333
2019-05-17,0.19063333333333332
2019-05-18,0
2019-05-19,0
2019-05-20,0.0
2019-05-21,0.05403333333333334
2019-05-22,-0.4939
2019-05-23,0.0
2019-05-24,0.25723333333333337
2019-05-25,0.25
2019-05-26,0
2019-05-27,0.1909
2019-05-28,-0.074225
2019-05-29,0.08696666666666668
2019-05-30,0.12674285714285713
2019-05-31,-0.36755
2019-06-01,-0.7184
2019-06-02,0
2019-06-03,-0.074
2019-06-04,-0.7147
2019-06-05,0.07655
2019-06-06,0.0
2019-06-07,0.0
2019-06-08,0
2019-06-09,0.0
2019-06-10,0.03453125
2019-06-11,0.12040000000000001
2019-06-12,0.0903
2019-06-13,-0.02363333333333333
2019-06-14,-0.05135833333333333
2019-06-15,0.125
2019-06-16,0.08863333333333334
2019-06-17,0.13554
2019-06-18,-0.011699999999999974
2019-06-19,0.4432333333333333
2019-06-20,0.02406666666666667
2019-06-21,-0.2202
2019-06-22,0
2019-06-23,0.0
2019-06-24,0.0
2019-06-25,0.17
2019-06-26,0.0
2019-06-27,-0.15116666666666664
2019-06-28,-0.103
2019-06-29,0.0
2019-06-30,0
2019-07-01,0.0
2019-07-02,0.0
2019-07-03,0.10115
2019-07-04,0.0
2019-07-05,0.123475
2019-07-06,0.0
2019-07-07,0.0
2019-07-08,0.0
2019-07-09,0.10533999999999999
2019-07-10,0.148875
2019-07-11,0.064
2019-07-12,0.1909
2019-07-13,0.0
2019-07-14,0.0129
2019-07-15,0.27115
2019-07-16,0.09759999999999998
2019-07-17,-0.10646666666666665
2019-07-18,0.08574000000000001
2019-07-19,0.131675
2019-07-20,0.05299999999999997
2019-07-21,0.0
2019-07-22,-0.04457499999999999
2019-07-23,0.7184
2019-07-24,0.17218
2019-07-25,0.10162222222222221
2019-07-26,0
2019-07-27,0
2019-07-28,-0.1366
2019-07-29,-0.296
2019-07-30,0.158975
2019-07-31,-0.1872
2019-08-01,-0.009957142857142855
2019-08-02,-0.48234999999999995
2019-08-03,-0.296
2019-08-04,0.4939
2019-08-05,0.0
2019-08-06,-0.005999999999999998
2019-08-07,-0.20009999999999997
2019-08-08,-0.18524000000000002
2019-08-09,0.0
2019-08-10,0.0
2019-08-11,0.0
2019-08-12,0.0193
2019-08-13,0.09866666666666667
2019-08-14,0.0
2019-08-15,0.12530000000000002
2019-08-16,-0.04078
2019-08-17,0
2019-08-18,-0.34
2019-08-19,0.0625
2019-08-20,-0.07955
2019-08-21,-0.06538333333333335
2019-08-22,0.0624
2019-08-23,-0.17578000000000002
2019-08-24,-0.14049999999999999
2019-08-25,0.24695
2019-08-26,0.24695
2019-08-27,0.17
2019-08-28,0.0
2019-08-29,0
2019-08-30,0.14220000000000002
2019-08-31,0.11526666666666664
2019-09-01,0.0
2019-09-02,0.25
2019-09-03,0.17020000000000002
2019-09-04,0
2019-09-05,0.3344666666666667
2019-09-06,-0.21235
2019-09-07,0.6369
2019-09-08,0
2019-09-09,-0.25
2019-09-10,-0.12008
2019-09-11,0.0
2019-09-12,-0.4080333333333333
2019-09-13,0.0
2019-09-14,-0.334975
2019-09-15,0
2019-09-16,0.16444
2019-09-17,0.34
2019-09-18,0.12863750000000002
2019-09-19,0.232975
2019-09-20,0.12266666666666669
2019-09-21,0.0
2019-09-22,0
2019-09-23,0.4019
2019-09-24,0.31756
2019-09-25,0.0
2019-09-26,0.1615
2019-09-27,-0.6124
2019-09-28,0.0
2019-09-29,0
2019-09-30,0.0625
2019-10-01,0.0
2019-10-02,-0.03706666666666667
2019-10-03,-0.1589
2019-10-04,0.4865
2019-10-05,0.156225
2019-10-06,-0.4939
2019-10-07,-0.14256666666666665
2019-10-08,-0.012249999999999992
2019-10-09,0.18045
2019-10-10,0.02964
2019-10-11,0.0
2019-10-12,0.0
2019-10-13,0.0593
2019-10-14,0.047689999999999996
2019-10-15,0.0625
2019-10-16,0.020866666666666662
2019-10-17,0.045340000000000005
2019-10-18,0.2083
2019-10-19,0.31245
2019-10-20,0.2083
2019-10-21,-0.05083636363636364
2019-10-22,0.25453749999999997
2019-10-23,-0.12485000000000002
2019-10-24,-0.022142857142857148
2019-10-25,-0.14482
2019-10-26,-0.20356666666666667
2019-10-27,0.44825000000000004
2019-10-28,0.3182
2019-10-29,-0.09582999999999997
2019-10-30,0.004411111111111119
2019-10-31,0.08832857142857144
2019-11-01,0.15416
2019-11-02,0.12835000000000002
2019-11-03,0.1779
2019-11-04,0.06705
2019-11-05,0.0
2019-11-06,0.2751
2019-11-07,-0.039028571428571426
2019-11-08,0.013800000000000007
2019-11-09,-0.8689
2019-11-10,-0.1351
2019-11-11,0.08075
2019-11-12,0.14984999999999998
2019-11-13,-0.0024666666666666665
2019-11-14,0.10034999999999998
2019-11-15,0.008200000000000008
2019-11-16,0.8126
2019-11-17,0.053224999999999995
2019-11-18,0.11817142857142858
2019-11-19,0.0694
2019-11-20,0.027166666666666655
2019-11-21,0.09125000000000001
2019-11-22,0.0065000000000000014
2019-11-23,0.34
2019-11-24,0.13292500000000002
2019-11-25,0.146025
2019-11-26,0.10115
2019-11-27,0.05292000000000001
2019-11-28,0.25020000000000003
2019-11-29,0.01846666666666667
2019-11-30,-0.19879999999999998
2019-12-01,0.03294999999999999
2019-12-02,-0.24256000000000003
2019-12-03,0.06433333333333331
2019-12-04,0.36965000000000003
2019-12-05,0.26666666666666666
2019-12-06,-0.09899999999999999
2019-12-07,0.07010000000000001
2019-12-08,0.0
2019-12-09,0.0
2019-12-10,0.12498000000000001
2019-12-11,-0.074
2019-12-12,0.06401428571428572
2019-12-13,-0.18510000000000001
2019-12-14,0.31845
2019-12-15,-0.00129999999999999
2019-12-16,0.12940000000000002
2019-12-17,0
2019-12-18,-0.08038000000000001
2019-12-19,-0.045566666666666665
2019-12-20,-0.2098
2019-12-21,0.0
2019-12-22,0.27573333333333333
2019-12-23,0.18202000000000002
2019-12-24,-0.1348
2019-12-25,0.21075
2019-12-26,0.20753333333333335
2019-12-27,-0.19180000000000003
2019-12-28,0.17556666666666665
2019-12-29,0.0
2019-12-30,-0.32926666666666665
2019-12-31,0.0
2020-01-01,-0.2553
2020-01-02,0.0
2020-01-03,0.2986
2020-01-04,-0.10115
2020-01-05,-0.27930000000000005
2020-01-06,0.0
2020-01-07,-0.21134999999999998
2020-01-08,0.25043333333333334
2020-01-09,0.20095
2020-01-10,0.537875
2020-01-11,0.6369
2020-01-12,0
2020-01-13,0.10115
2020-01-14,0.08333333333333333
2020-01-15,-0.296
2020-01-16,-0.5264
2020-01-17,0.177025
2020-01-18,0
2020-01-19,0
2020-01-20,0.0645
2020-01-21,0.4099
2020-01-22,0.0
2020-01-23,0.29295
2020-01-24,0.0
2020-01-25,0
2020-01-26,0
2020-01-27,0.2732
2020-01-28,0.13225
2020-01-29,0.10823333333333333
2020-01-30,0.021757142857142857
2020-01-31,-0.13666666666666666
2020-02-01,-0.05103333333333334
2020-02-02,0
2020-02-03,0.1147
2020-02-04,-0.069075
2020-02-05,-0.00955
2020-02-06,0
2020-02-07,0.20737777777777777
2020-02-08,0.6369
2020-02-09,0.0946
2020-02-10,0.04046
2020-02-11,-0.05623333333333336
2020-02-12,-0.146475
2020-02-13,-0.13396666666666665
2020-02-14,-0.27115
2020-02-15,0.07224999999999998
2020-02-16,0.5994
2020-02-17,0.0
2020-02-18,0.0
2020-02-19,0.3544
2020-02-20,-0.10115
2020-02-21,0.7506
2020-02-22,0
2020-02-23,0.4014
2020-02-24,-0.44785
2020-02-25,-0.3182
2020-02-26,-0.17
2020-02-27,0.1677833333333333
2020-02-28,0.022266666666666674
2020-02-29,0
2020-03-01,-0.23835
2020-03-02,0.19432500000000003
2020-03-03,0.0789
2020-03-04,0.1764
2020-03-05,0.28595
2020-03-06,0.7184
2020-03-07,0.4201
2020-03-08,-0.7845
2020-03-09,-0.035166666666666666
2020-03-10,0.0894
2020-03-11,-0.12881666666666666
2020-03-12,-0.2023
2020-03-13,-0.24573333333333333
2020-03-14,0
2020-03-15,0.022819999999999997
2020-03-16,0.4019
2020-03-17,0.0
2020-03-18,0.2892571428571428
2020-03-19,0.0
2020-03-20,-0.04234
2020-03-21,0.05135
2020-03-22,0.30915000000000004
2020-03-23,-0.08496666666666668
2020-03-24,0.13771666666666668
2020-03-25,-0.1393
2020-03-26,0.33785
2020-03-27,-0.03398333333333333
2020-03-28,0.2553
2020-03-29,0.0
2020-03-30,-0.35735
2020-03-31,0.37895
2020-04-01,-0.03962500000000001
2020-04-02,-0.10537999999999999
2020-04-03,0.13535
2020-04-04,0.0
2020-04-05,-0.14893333333333333
2020-04-06,0.038900000000000004
2020-04-07,0.29557500000000003
2020-04-08,0.0
2020-04-09,-0.028157142857142863
2020-04-10,-0.4019
2020-04-11,-0.1909
2020-04-12,0
2020-04-13,0.33525
2020-04-14,-0.1909
2020-04-15,0.2615
2020-04-16,0.0
2020-04-17,0
2020-04-18,0.37495
2020-04-19,0.0
2020-04-20,0.0
2020-04-21,-0.05904
2020-04-22,-0.0031166666666666704
2020-04-23,-0.2153
2020-04-24,0.09545
2020-04-25,0.25723333333333337
2020-04-26,0
2020-04-27,0.0
2020-04-28,-0.1806
2020-04-29,0.18656666666666666
2020-04-30,0.21423333333333336
2020-05-01,0.38833333333333336
2020-05-02,0.3818
2020-05-03,-0.34
2020-05-04,0.23629999999999998
2020-05-05,0.09106666666666667
2020-05-06,-0.07655
2020-05-07,0.20023333333333335
2020-05-08,0.27765
2020-05-09,0.0
2020-05-10,0
2020-05-11,-0.10515
2020-05-12,-0.17265
2020-05-13,0.1366
2020-05-14,0.07688333333333335
2020-05-15,0.16112500000000002
2020-05-16,0.0
2020-05-17,0.18543333333333334
2020-05-18,-0.41390000000000005
2020-05-19,0.2553
2020-05-20,0.14092
2020-05-21,0.042666666666666665
2020-05-22,0.04267142857142857
2020-05-23,-0.12822499999999998
2020-05-24,0
2020-05-25,0
2020-05-26,0.0683
2020-05-27,0.025733333333333334
2020-05-28,0.085
2020-05-29,0.08146666666666666
2020-05-30,-0.50715
2020-05-31,-0.2787
2020-06-01,0.0
2020-06-02,0.1468
2020-06-03,-0.3171714285714286
2020-06-04,0.268775
2020-06-05,0.10365
2020-06-06,0.27270000000000005
2020-06-07,0
2020-06-08,-0.09522499999999999
2020-06-09,0.0
2020-06-10,-0.07141428571428571
2020-06-11,0.04294000000000001
2020-06-12,0.41879999999999995
2020-06-13,-0.2023
2020-06-14,0.0
2020-06-15,0.1779
2020-06-16,0.0
2020-06-17,-0.10116666666666667
2020-06-18,-0.21993333333333331
2020-06-19,0.0
2020-06-20,-0.03423333333333333
2020-06-21,-0.3612
2020-06-22,0.04114166666666665
2020-06-23,0.2119
2020-06-24,0.0
2020-06-25,-0.1101
2020-06-26,-0.21346666666666667
2020-06-27,0.2202
2020-06-28,0.0
2020-06-29,0
2020-06-30,0.0
2020-07-01,0.03398333333333333
2020-07-02,0.057616666666666656
2020-07-03,-0.0258
2020-07-04,-0.2584
2020-07-05,0.5859
2020-07-06,0.15293333333333334
2020-07-07,0.04265000000000001
2020-07-08,-0.03936666666666666
2020-07-09,-0.13686666666666666
2020-07-10,0.0
2020-07-11,-0.6124
2020-07-12,0.4404
2020-07-13,0.3548
2020-07-14,0.031233333333333325
2020-07-15,-0.056575
2020-07-16,0.008449999999999994
2020-07-17,0.0
2020-07-18,0.23654999999999998
2020-07-19,-0.5994
2020-07-20,0.2083
2020-07-21,0.40835
2020-07-22,0.04016666666666666
2020-07-23,0.1366
2020-07-24,0.15633333333333335
2020-07-25,0.0
2020-07-26,0.0
2020-07-27,0.5719
2020-07-28,0.5574
2020-07-29,-0.14318333333333333
2020-07-30,0.263075
2020-07-31,0.13999999999999999
2020-08-01,0.0
2020-08-02,0
2020-08-03,-0.125
2020-08-04,-0.1858
2020-08-05,0.1796
2020-08-06,0.050060000000000014
2020-08-07,-0.08808
2020-08-08,0
2020-08-09,0
2020-08-10,0.14049999999999999
2020-08-11,-0.04526
2020-08-12,0.10606666666666666
2020-08-13,0.296
2020-08-14,0.0
2020-08-15,0.45204999999999995
2020-08-16,-0.3243
2020-08-17,0.18441999999999997
2020-08-18,0.1591
2020-08-19,0.24527499999999997
2020-08-20,-0.13298
2020-08-21,0.3637
2020-08-22,0.0
2020-08-23,0.07509999999999999
2020-08-24,0.05273999999999999
2020-08-25,0.06783333333333334
2020-08-26,0.09823333333333333
2020-08-27,0.4939
2020-08-28,0.1735
2020-08-29,-0.128
2020-08-30,-0.05103333333333334
2020-08-31,0.07642499999999999
2020-09-01,0.18693333333333337
2020-09-02,0.1214
2020-09-03,0.0
2020-09-04,0.0
2020-09-05,-0.125
2020-09-06,0.0
2020-09-07,0.36002
2020-09-08,-0.2294
2020-09-09,0.23835
2020-09-10,0.059200000000000016
2020-09-11,-0.40020000000000006
2020-09-12,0.3708666666666667
2020-09-13,0.0
2020-09-14,-0.052687500000000005
2020-09-15,0.0
2020-09-16,0.06336666666666667
2020-09-17,-0.17301666666666668
2020-09-18,0.0
2020-09-19,0.0
2020-09-20,0.0
2020-09-21,0.03431666666666666
2020-09-22,-0.0516
2020-09-23,0.0
2020-09-24,0.26886666666666664
2020-09-25,-0.24291999999999997
2020-09-26,0.10115
2020-09-27,0
2020-09-28,0
2020-09-29,0.085
2020-09-30,-0.01032
2020-10-01,0.12276666666666669
2020-10-02,-0.148
2020-10-03,0.0
2020-10-04,0.16565000000000002
2020-10-05,0.47240000000000004
2020-10-06,0.027542857142857147
2020-10-07,0.063825
2020-10-08,-0.17686
2020-10-09,-0.074
2020-10-10,0.05417142857142858
2020-10-11,-0.07955
2020-10-12,0.192925
2020-10-13,0.22515
2020-10-14,0.06716666666666667
2020-10-15,0.04648
2020-10-16,0.16476666666666664
2020-10-17,0.23775000000000002
2020-10-18,0.03704999999999999
2020-10-19,0.19956000000000002
2020-10-20,0.026812500000000003
2020-10-21,0.03502000000000001
2020-10-22,-0.06541999999999999
2020-10-23,-0.12653333333333336
2020-10-24,0.11208
2020-10-25,0.26188
2020-10-26,0.0
2020-10-27,0.0
2020-10-28,0.03330000000000002
2020-10-29,0.007962499999999994
2020-10-30,0.147175
2020-10-31,0.37915
2020-11-01,0.043833333333333314
2020-11-02,0.10115
2020-11-03,0.0
2020-11-04,0.09106666666666667
2020-11-05,-0.017700000000000004
2020-11-06,0.17556666666666665
2020-11-07,-0.09545
2020-11-08,-0.11537499999999998
2020-11-09,0.044475
2020-11-10,0.04520714285714285
2020-11-11,-0.010724999999999998
2020-11-12,0.08639999999999999
2020-11-13,-0.01795
2020-11-14,0.0
2020-11-15,-0.00687500000000002
2020-11-16,0.19296666666666665
2020-11-17,0.18745
2020-11-18,0.111975
2020-11-19,-0.05213333333333331
2020-11-20,0.0129
2020-11-21,0.050412499999999985
2020-11-22,-0.35525
2020-11-23,0.0
2020-11-24,0.06743333333333333
2020-11-25,-0.18680000000000002
2020-11-26,0.11043333333333334
2020-11-27,0.24825
2020-11-28,0.24350000000000002
2020-11-29,0.1393142857142857
2020-11-30,0.21034000000000003
2020-12-01,0.17964
2020-12-02,0.10194285714285714
2020-12-03,-0.02054
2020-12-04,0.15703333333333333
2020-12-05,-0.10606666666666666
2020-12-06,0.1086
2020-12-07,0.018874999999999996
2020-12-08,0.18238
2020-12-09,0.12944999999999998
2020-12-10,-0.09106666666666667
2020-12-11,-0.4019
2020-12-12,0.12726666666666667
2020-12-13,0.1366
2020-12-14,-0.0903
2020-12-15,0.0731
2020-12-16,0.0
2020-12-17,0.2206625
2020-12-18,-0.14049999999999999
2020-12-19,0.04411666666666666
2020-12-20,0
2020-12-21,0.06382857142857144
2020-12-22,-0.09385
2020-12-23,-0.21619999999999998
2020-12-24,0.0903
2020-12-25,0.16555
2020-12-26,-0.14082
2020-12-27,-0.21575000000000003
2020-12-28,0.10098
2020-12-29,0.24691666666666667
2020-12-30,0.0
2020-12-31,-0.1998
2021-01-01,-0.1513
2021-01-02,0.418
2021-01-03,0.4404
2021-01-04,0.0
2021-01-05,-0.0899857142857143
2021-01-06,-0.24688333333333334
2021-01-07,0.0
2021-01-08,0.10606666666666666
2021-01-09,0.3466
2021-01-10,-0.058499999999999996
2021-01-11,0.3263
2021-01-12,0.0
2021-01-13,0.0
2021-01-14,-0.03986666666666667
2021-01-15,-0.21230000000000002
2021-01-16,0.0
2021-01-17,0.13286666666666666
2021-01-18,0.0121
2021-01-19,0.0
2021-01-20,-0.04704285714285714
2021-01-21,0.04688571428571429
2021-01-22,0.10388333333333334
2021-01-23,-0.25
2021-01-24,0.1779
2021-01-25,0.16090000000000002
2021-01-26,-0.01572
2021-01-27,0.03829999999999999
2021-01-28,-0.12398333333333332
2021-01-29,0.024857142857142855
2021-01-30,0.4780666666666667
2021-01-31,0.0
2021-02-01,-0.21556666666666668
2021-02-02,-0.08038
2021-02-03,-0.123475
2021-02-04,0.131
2021-02-05,-0.43335
2021-02-06,0.0
2021-02-07,0.2294
2021-02-08,0.07636
2021-02-09,0.036180000000000004
2021-02-10,-0.014780000000000005
2021-02-11,-0.08092500000000001
2021-02-12,-0.13616
2021-02-13,0
2021-02-14,0.11476666666666667
2021-02-15,0.11332857142857145
2021-02-16,-0.011249999999999996
2021-02-17,0.1753
2021-02-18,0.0
2021-02-19,0.1302111111111111
2021-02-20,0
2021-02-21,0
2021-02-22,-0.12931666666666666
2021-02-23,0.12689999999999999
2021-02-24,0.16044999999999998
2021-02-25,0.0
2021-02-26,-0.2133
2021-02-27,-0.2006
2021-02-28,0.159225
2021-03-01,0.09179999999999999
2021-03-02,0.0655
2021-03-03,0.0
2021-03-04,-0.08808
2021-03-05,0
2021-03-06,-0.4404
2021-03-07,-0.24695
2021-03-08,0.03514444444444444
2021-03-09,0.13808
2021-03-10,-0.022275000000000017
2021-03-11,-0.09105999999999999
2021-03-12,0.028333333333333332
2021-03-13,-0.09866666666666667
2021-03-14,0.0
2021-03-15,-0.0253125
2021-03-16,-0.042371428571428574
2021-03-17,0.3627
2021-03-18,-0.09106666666666667
2021-03-19,0.0878
2021-03-20,-0.3601
2021-03-21,-0.5574
2021-03-22,-0.04356666666666667
2021-03-23,0.1267
2021-03-24,-0.022262500000000005
2021-03-25,0.2083
2021-03-26,-0.045075000000000004
2021-03-27,0.1366
2021-03-28,0
2021-03-29,0.0
2021-03-30,0.020145454545454546
2021-03-31,-0.0020999999999999977
2021-04-01,-0.135125
2021-04-02,0.26720000000000005
2021-04-03,0.5991500000000001
2021-04-04,-0.3182
2021-04-05,0
2021-04-06,-0.015074999999999991
2021-04-07,-0.26115
2021-04-08,0.2202
2021-04-09,-0.11383999999999998
2021-04-10,0.5106
2021-04-11,0.296
2021-04-12,0.13382
2021-04-13,-0.09866666666666667
2021-04-14,0.119175
2021-04-15,-0.19666666666666668
2021-04-16,-0.527025
2021-04-17,-0.0993
2021-04-18,0.25
2021-04-19,0.20066666666666666
2021-04-20,-0.08305000000000001
2021-04-21,-0.0928
2021-04-22,-0.14404
2021-04-23,0.1481625
2021-04-24,0.0
2021-04-25,0.0
2021-04-26,0.1299875
2021-04-27,0.05523
2021-04-28,0.07125
2021-04-29,-0.07628333333333333
2021-04-30,-0.22693333333333332
2021-05-01,0.316325
2021-05-02,0
2021-05-03,0.14092
2021-05-04,-0.17
2021-05-05,0.15521428571428572
2021-05-06,0.0956
2021-05-07,0.15461249999999999
2021-05-08,-0.38585
2021-05-09,0.20526
2021-05-10,-0.0254
2021-05-11,0.0009142857142857167
2021-05-12,-0.06151818181818181
2021-05-13,-0.05135
2021-05-14,-0.08167777777777778
2021-05-15,-0.12574000000000002
2021-05-16,0.0
2021-05-17,0.11452
2021-05-18,0.14085714285714285
2021-05-19,-0.10588
2021-05-20,0.04870000000000001
2021-05-21,0
2021-05-22,-0.3182
2021-05-23,0.07655
2021-05-24,0.5313
2021-05-25,0.0
2021-05-26,0.0
2021-05-27,0.004185714285714285
2021-05-28,-0.3295666666666666
2021-05-29,0.10606666666666666
2021-05-30,0.11106
2021-05-31,0.04265000000000001
2021-06-01,-0.050583333333333334
2021-06-02,0.07757777777777777
2021-06-03,0.17748
2021-06-04,-0.05084285714285714
2021-06-05,0.010366666666666672
2021-06-06,0
2021-06-07,0.043899999999999995
2021-06-08,-0.14366666666666666
2021-06-09,0.08765999999999999
2021-06-10,0.016633333333333333
2021-06-11,0.317
2021-06-12,0.2083
2021-06-13,0
2021-06-14,0.131675
2021-06-15,-0.2543666666666667
2021-06-16,0.11970000000000003
2021-06-17,0.04068333333333333
2021-06-18,-0.08976666666666666
2021-06-19,-0.24695
2021-06-20,-0.4917
2021-06-21,-0.15897499999999998
2021-06-22,0.20971250000000002
2021-06-23,0.1101
2021-06-24,0.20629999999999998
2021-06-25,-0.3221
2021-06-26,0
2021-06-27,0.2732
2021-06-28,-0.09628
2021-06-29,0.1115
2021-06-30,0.4272285714285714
2021-07-01,-0.16306666666666667
2021-07-02,0.025739999999999996
2021-07-03,0.0
2021-07-04,0.0
2021-07-05,0.0
2021-07-06,0.20295000000000002
2021-07-07,0.08038
2021-07-08,0.11398749999999999
2021-07-09,0.34
2021-07-10,0.0
2021-07-11,0
2021-07-12,-0.09442222222222224
2021-07-13,0.10846
2021-07-14,-0.19738333333333333
2021-07-15,-0.032133333333333326
2021-07-16,0.056575
2021-07-17,0.10115
2021-07-18,0.050575
2021-07-19,0.05563333333333333
2021-07-20,0.03684166666666667
2021-07-21,-0.00636153846153847
2021-07-22,0.18205833333333332
2021-07-23,-0.127
2021-07-24,0.3182
2021-07-25,0.0
2021-07-26,0.11318000000000002
2021-07-27,0.07142222222222222
2021-07-28,0.14996
2021-07-29,0.05995
2021-07-30,-0.07116666666666667
2021-07-31,-0.1909
2021-08-01,-0.10005
2021-08-02,0.2202
2021-08-03,-0.09685
2021-08-04,0.0
2021-08-05,0.10718333333333334
2021-08-06,-0.024733333333333312
2021-08-07,0.5719
2021-08-08,0.0
2021-08-09,0.30105
2021-08-10,0.058533333333333326
2021-08-11,-0.3406666666666667
2021-08-12,0.0
2021-08-13,0.026449999999999987
2021-08-14,-0.24786666666666668
2021-08-15,-0.21271999999999996
2021-08-16,0.026260000000000006
2021-08-17,-0.042666666666666665
2021-08-18,0.054533333333333336
2021-08-19,-0.059199999999999996
2021-08-20,-0.1447285714285714
2021-08-21,0.17556666666666665
2021-08-22,0.06140000000000001
2021-08-23,-0.09628749999999998
2021-08-24,0.07295999999999998
2021-08-25,-0.010049999999999984
2021-08-26,-0.304125
2021-08-27,-0.23133999999999996
2021-08-28,0.2202
2021-08-29,0.0
2021-08-30,-0.041174999999999996
2021-08-31,0.028875000000000026
2021-09-01,-0.13992857142857143
2021-09-02,-0.06368
2021-09-03,0.28595
2021-09-04,0.20635
2021-09-05,0.20095
2021-09-06,0.4767
2021-09-07,0.15467142857142857
2021-09-08,0.0334
2021-09-09,0.08231666666666666
2021-09-10,-0.14192
2021-09-11,-0.0129
2021-09-12,0.0
2021-09-13,0.0012142857142857391
2021-09-14,-0.17046666666666668
2021-09-15,0.03063333333333333
2021-09-16,0.08895
2021-09-17,0.023400000000000015
2021-09-18,0.0
2021-09-19,-0.056575
2021-09-20,0.2023
2021-09-21,0.34
2021-09-22,0.23329999999999998
2021-09-23,-0.09166666666666666
2021-09-24,0.13802857142857142
2021-09-25,0.1589
2021-09-26,0.20159999999999997
2021-09-27,0.024000000000000004
2021-09-28,0.12025555555555556
2021-09-29,0.2202
2021-09-30,-0.027216666666666667
2021-10-01,0.0
2021-10-02,-0.7906
2021-10-03,0.05666666666666668
2021-10-04,0.023675
2021-10-05,-0.15385
2021-10-06,0.16406666666666667
2021-10-07,0.037854545454545446
2021-10-08,0.09250000000000001
2021-10-09,0.2867
2021-10-10,0.09379999999999998
2021-10-11,0.0191
2021-10-12,0.2259
2021-10-13,0.004370000000000003
2021-10-14,0.09524285714285714
2021-10-15,0.16744999999999996
2021-10-16,-0.218725
2021-10-17,0.264475
2021-10-18,-0.12641666666666665
2021-10-19,-0.04857142857142858
2021-10-20,0.0906125
2021-10-21,-0.14198181818181818
2021-10-22,-0.04376666666666667
2021-10-23,0.0
2021-10-24,0.08857999999999999
2021-10-25,0.03571428571428571
2021-10-26,-0.022128571428571418
2021-10-27,0.1741875
2021-10-28,-0.08780000000000002
2021-10-29,0.22965
2021-10-30,-0.04509999999999997
2021-10-31,0.12469999999999999
2021-11-01,0.059199999999999996
2021-11-02,0.04683333333333334
2021-11-03,-0.06364
2021-11-04,0.06292222222222223
2021-11-05,0.08268333333333333
2021-11-06,0.0
2021-11-07,0.309
2021-11-08,0.056677777777777764
2021-11-09,-0.03152857142857143
2021-11-10,-0.100475
2021-11-11,0.1706
2021-11-12,-0.022237499999999993
2021-11-13,0.0
2021-11-14,0.1909
2021-11-15,0.1421888888888889
2021-11-16,0.13627142857142857
2021-11-17,0.24575714285714284
2021-11-18,0.050509999999999985
2021-11-19,0.1562125
2021-11-20,0.20607999999999999
2021-11-21,0.06953333333333334
2021-11-22,-0.018187499999999995
2021-11-23,0.2314333333333333
2021-11-24,-0.17556666666666665
2021-11-25,0.1101
2021-11-26,0.3785428571428571
2021-11-27,0.2202
2021-11-28,0.22525000000000003
2021-11-29,0.08455
2021-11-30,0.00938
2021-12-01,0.018700000000000005
2021-12-02,0.11333333333333334
2021-12-03,0.2314
2021-12-04,0.32198333333333334
2021-12-05,0.053000000000000005
2021-12-06,0.044963636363636345
2021-12-07,0.15375
2021-12-08,-0.05188
2021-12-09,-0.014537499999999995
2021-12-10,-0.050762499999999995
2021-12-11,0.0
2021-12-12,0.4111
2021-12-13,0.3818
2021-12-14,0.15533999999999998
2021-12-15,-0.0219777777777778
2021-12-16,0.0256
2021-12-17,-0.20950000000000002
2021-12-18,-0.0032999999999999974
2021-12-19,0.030099999999999988
2021-12-20,-0.0494625
2021-12-21,0.0517
2021-12-22,0.175125
2021-12-23,0.0
2021-12-24,0.2465166666666667
2021-12-25,0.0
2021-12-26,-0.2553
2021-12-27,0.12040000000000001
2021-12-28,0.11123333333333335
2021-12-29,0.203025
2021-12-30,-0.11333333333333334
2021-12-31,0.154975
2022-01-01,0.2546
2022-01-02,0
2022-01-03,0.06204
2022-01-04,-0.033716666666666666
2022-01-05,0.05131666666666668
2022-01-06,-0.057654545454545465
2022-01-07,-0.00733333333333334
2022-01-08,-0.08885000000000001
2022-01-09,-0.31720000000000004
2022-01-10,0.09282
2022-01-11,0.05737142857142858
2022-01-12,0.010228571428571424
2022-01-13,-0.01834444444444444
2022-01-14,0.09492857142857143
2022-01-15,0.14784999999999998
2022-01-16,-0.10785
2022-01-17,0.0
2022-01-18,-0.09966666666666667
2022-01-19,-0.17134
2022-01-20,0.057249999999999995
2022-01-21,-0.11508749999999998
2022-01-22,-0.19956000000000002
2022-01-23,0.15495
2022-01-24,0.17990000000000003
2022-01-25,0.20485714285714285
2022-01-26,0.1897857142857143
2022-01-27,-0.12337142857142859
2022-01-28,0.08162222222222221
2022-01-29,0.0
2022-01-30,0.195925
2022-01-31,-0.10774285714285714
2022-02-01,-0.022488888888888878
2022-02-02,-0.023985714285714277
2022-02-03,0.043055555555555555
2022-02-04,-0.1042142857142857
2022-02-05,-0.26632500000000003
2022-02-06,0.06743333333333333
2022-02-07,-0.017100000000000018
2022-02-08,-0.08902
2022-02-09,-0.10037777777777776
2022-02-10,-0.0016714285714285698
2022-02-11,0.09895000000000001
2022-02-12,0.0
2022-02-13,0.10606666666666666
2022-02-14,0.006044444444444445
2022-02-15,0.09176
2022-02-16,0.09376000000000001
2022-02-17,-0.014191666666666663
2022-02-18,-0.07909999999999999
2022-02-19,0.0
2022-02-20,0
2022-02-21,0.019399999999999997
2022-02-22,0.02381666666666667
2022-02-23,-0.20894285714285715
2022-02-24,-0.13169999999999998
2022-02-25,0.05906666666666668
2022-02-26,-0.37770000000000004
2022-02-27,0.4019
2022-02-28,-0.08461428571428571
2022-03-01,0.0
2022-03-02,-0.2851142857142857
2022-03-03,-0.007100000000000027
2022-03-04,-0.02991111111111111
2022-03-05,0.0
2022-03-06,0.4404
2022-03-07,0.19326999999999997
2022-03-08,0.06607272727272728
2022-03-09,0.015942857142857154
2022-03-10,-0.16541999999999998
2022-03-11,0.05656999999999999
2022-03-12,0.0
2022-03-13,0
2022-03-14,0.08231666666666666
2022-03-15,0.07678571428571428
2022-03-16,0.11388571428571428
2022-03-17,0.19074
2022-03-18,-0.0737125
2022-03-19,0
2022-03-20,0
2022-03-21,0.11697499999999998
2022-03-22,0.005699999999999994
2022-03-23,-0.026000000000000016
2022-03-24,-0.136125
2022-03-25,0.0
2022-03-26,-0.24336666666666665
2022-03-27,-0.41935
2022-03-28,-0.0462909090909091
2022-03-29,-0.08654999999999999
2022-03-30,-0.1685
2022-03-31,0.2625285714285714
2022-04-01,0.04438750000000001
2022-04-02,0.0
2022-04-03,0.0731
2022-04-04,-0.14029999999999998
2022-04-05,0.0026571428571428657
2022-04-06,-0.1464
2022-04-07,-0.09075
2022-04-08,0.18182
2022-04-09,-0.11333333333333334
2022-04-10,0.44786666666666664
2022-04-11,0.26353333333333334
2022-04-12,-0.021039999999999993
2022-04-13,-0.10036666666666667
2022-04-14,0.11192857142857145
2022-04-15,-0.03667142857142856
2022-04-16,-0.3341
2022-04-17,0.1953
2022-04-18,0.18316666666666667
2022-04-19,-0.1189090909090909
2022-04-20,0.030211111111111116
2022-04-21,0.09404
2022-04-22,-0.13322142857142855
2022-04-23,0.0
2022-04-24,0.06254285714285715
2022-04-25,0.056485714285714285
2022-04-26,0.06017777777777779
2022-04-27,-0.04757499999999999
2022-04-28,-0.12882727272727273
2022-04-29,-0.17
2022-04-30,-0.12313999999999999
2022-05-01,-0.117
2022-05-02,0.13515
2022-05-03,0.059777777777777784
2022-05-04,0.007222222222222229
2022-05-05,-0.03237000000000001
2022-05-06,0.1909
2022-05-07,0.4404
2022-05-08,-0.05135
2022-05-09,-0.09861111111111112
2022-05-10,0.03758333333333334
2022-05-11,0.12877777777777777
2022-05-12,0.011200000000000002
2022-05-13,0.18141000000000002
2022-05-14,0.41483333333333333
2022-05-15,-0.041025000000000006
2022-05-16,0.09723000000000001
2022-05-17,-0.10288571428571427
2022-05-18,0.03795714285714286
2022-05-19,-0.11037142857142858
2022-05-20,-0.01606000000000001
2022-05-21,0.045399999999999996
2022-05-22,0.22313333333333332
2022-05-23,0.0876
2022-05-24,-0.18344285714285716
2022-05-25,-0.11082
2022-05-26,0.07758333333333334
2022-05-27,-0.037339999999999984
2022-05-28,0.30396666666666666
2022-05-29,-0.07483333333333335
2022-05-30,-0.09531428571428571
2022-05-31,0.031509999999999996
2022-06-01,0.06019999999999999
2022-06-02,-0.10743
2022-06-03,0.07155
2022-06-04,-0.024749999999999994
2022-06-05,0.19296666666666665
2022-06-06,-0.11256875
2022-06-07,0.06379999999999998
2022-06-08,0.045309090909090896
2022-06-09,-0.03855
2022-06-10,0.14
2022-06-11,0.09303333333333332
2022-06-12,0.25436
2022-06-13,0.18723333333333328
2022-06-14,0.085
2022-06-15,0.03982222222222222
2022-06-16,-0.05236666666666667
2022-06-17,0.015899999999999997
2022-06-18,-0.22763333333333335
2022-06-19,0.42546
2022-06-20,0.20326666666666668
2022-06-21,-0.0029000000000000137
2022-06-22,0.0775
2022-06-23,-0.10354999999999999
2022-06-24,0.06115714285714286
2022-06-25,-0.17438000000000003
2022-06-26,0.29295
2022-06-27,0.135575
2022-06-28,0.0
2022-06-29,0.004527272727272738
2022-06-30,0.31974
2022-07-01,0.07252499999999999
2022-07-02,0.0683
2022-07-03,0.08038
2022-07-04,-0.00046666666666665967
2022-07-05,0.14665
2022-07-06,0.14598333333333335
2022-07-07,-0.26975
2022-07-08,0.17415
2022-07-09,0.17561428571428572
2022-07-10,0.0086
2022-07-11,-0.09129999999999999
2022-07-12,0.21134444444444445
2022-07-13,-0.0251
2022-07-14,-0.1549888888888889
2022-07-15,-0.0532875
2022-07-16,0.32348
2022-07-17,0.14286666666666667
2022-07-18,-0.03562727272727274
2022-07-19,0.12838333333333332
2022-07-20,-0.18585
2022-07-21,-0.23101428571428567
2022-07-22,-0.36755
2022-07-23,-0.30396666666666666
2022-07-24,-0.22421666666666665
2022-07-25,0.11571428571428569
2022-07-26,0.0799142857142857
2022-07-27,0.11091999999999999
2022-07-28,0.09793333333333336
2022-07-29,-0.11111666666666668
2022-07-30,-0.128725
2022-07-31,0.03340000000000001
2022-08-01,0.1443
2022-08-02,-0.06723333333333333
2022-08-03,0.006211111111111106
2022-08-04,-0.06556666666666665
2022-08-05,-0.1909888888888889
2022-08-06,0.0
2022-08-07,0.09866666666666667
2022-08-08,-0.2423
2022-08-09,0
2022-08-10,0.0009000000000000042
2022-08-11,-0.2098
2022-08-12,-0.37582499999999996
2022-08-13,-0.16947777777777778
2022-08-14,0.17079999999999998
2022-08-15,-0.031020000000000013
2022-08-16,0.10603333333333333
2022-08-17,0.10867500000000002
2022-08-18,-0.03606363636363637
2022-08-19,0.119175
2022-08-20,0.2553
2022-08-21,0.05295
2022-08-22,0.14446666666666666
2022-08-23,0.042122222222222235
2022-08-24,-0.2936666666666667
2022-08-25,-0.227925
2022-08-26,0.11325
2022-08-27,-0.128
2022-08-28,0.0
2022-08-29,0.05811111111111113
2022-08-30,0.2647
2022-08-31,-0.04745
2022-09-01,0.085
2022-09-02,-0.100475
2022-09-03,0.14628333333333335
2022-09-04,-0.11106250000000002
2022-09-05,-0.00811666666666668
2022-09-06,0.12162222222222223
2022-09-07,-0.047725
2022-09-08,0.27392
2022-09-09,-0.16118333333333332
2022-09-10,0.2012375
2022-09-11,0.25696
2022-09-12,0.02081538461538462
2022-09-13,0.18884444444444443
2022-09-14,0.0008600000000000015
2022-09-15,0.07213
2022-09-16,-0.048975
2022-09-17,-0.03686666666666667
2022-09-18,-0.42925
2022-09-19,-0.06780000000000001
2022-09-20,0.1668111111111111
2022-09-21,0.11711818181818182
2022-09-22,0.19233333333333333
2022-09-23,0.09046000000000001
2022-09-24,0.05068749999999999
2022-09-25,0.013075000000000003
2022-09-26,0.0744142857142857
2022-09-27,-0.10095999999999998
2022-09-28,-0.07775
2022-09-29,-0.012330000000000008
2022-09-30,0.3182
2022-10-01,0.17336249999999997
2022-10-02,0.2262625
2022-10-03,-0.18285
2022-10-04,-0.17424166666666663
2022-10-05,-0.0036857142857142857
2022-10-06,-0.017350000000000004
2022-10-07,-0.09445454545454544
2022-10-08,-0.19412000000000001
2022-10-09,-0.12765
2022-10-10,0.15694
2022-10-11,0.0736125
2022-10-12,-0.03349999999999999
2022-10-13,0.14625
2022-10-14,0.22052222222222223
2022-10-15,-0.10162
2022-10-16,-0.034499999999999996
2022-10-17,0.1299857142857143
2022-10-18,0.09814444444444444
2022-10-19,-0.0712764705882353
2022-10-20,-0.013039999999999986
2022-10-21,-0.1912
2022-10-22,0.029099999999999994
2022-10-23,0.28396666666666665
2022-10-24,-0.05867499999999999
2022-10-25,0.052255555555555534
2022-10-26,0.12416250000000001
2022-10-27,0.09776
2022-10-28,0.05495
2022-10-29,0.197825
2022-10-30,0.14613333333333334
2022-10-31,0.10605454545454546
2022-11-01,0.22426666666666664
2022-11-02,0.16770000000000002
2022-11-03,-0.023340000000000007
2022-11-04,0.0799
2022-11-05,0.24162499999999998
2022-11-06,0.3818
2022-11-07,0.07224
2022-11-08,-0.08757142857142856
2022-11-09,0.0520125
2022-11-10,0.09782222222222224
2022-11-11,0.10433333333333335
2022-11-12,0.0741
2022-11-13,0.48262499999999997
2022-11-14,0.039028571428571426
2022-11-15,-0.08984615384615384
2022-11-16,-0.03692222222222222
2022-11-17,0.07259
2022-11-18,-0.05484
2022-11-19,0.18656666666666666
2022-11-20,-0.098825
2022-11-21,-0.023885714285714288
2022-11-22,-0.037628571428571435
2022-11-23,-0.0193
2022-11-24,0.06349999999999997
2022-11-25,-0.12040000000000001
2022-11-26,-0.1454375
2022-11-27,0.35934
2022-11-28,0.045288888888888885
2022-11-29,0.020622222222222215
2022-11-30,0.03436666666666668
2022-12-01,-0.005662500000000001
2022-12-02,0.007545454545454552
2022-12-03,0.3065
2022-12-04,-0.08713333333333334
2022-12-05,0.277475
2022-12-06,-0.04887777777777777
2022-12-07,0.2709142857142857
2022-12-08,0.04993333333333332
2022-12-09,0.11839999999999999
2022-12-10,0.38675714285714285
2022-12-11,0.05
2022-12-12,-0.1135125
2022-12-13,-0.07855714285714285
2022-12-14,-0.034709090909090905
2022-12-15,-0.12786666666666668
2022-12-16,-0.1366
2022-12-17,0.014579999999999996
2022-12-18,0.22542
2022-12-19,-0.08348000000000003
2022-12-20,-0.19833333333333333
2022-12-21,0.1495625
2022-12-22,-0.046925
2022-12-23,-0.15815454545454546
2022-12-24,0.30760000000000004
2022-12-25,0.0891142857142857
2022-12-26,0.0
2022-12-27,0.19299999999999998
2022-12-28,-0.13406666666666667
2022-12-29,0.09798333333333335
2022-12-30,-0.06374285714285714
2022-12-31,0.004900000000000002
2023-01-01,0.11148333333333334
2023-01-02,0.025542857142857138
2023-01-03,0.01896666666666667
2023-01-04,0.2702428571428571
2023-01-05,6.1679056923619804e-18
2023-01-06,0.23835
2023-01-07,0.04129166666666668
2023-01-08,-0.233025
2023-01-09,0.17231666666666667
2023-01-10,0.19063333333333332
2023-01-11,0.06570909090909091
2023-01-12,-0.03182
2023-01-13,-0.06172857142857143
2023-01-14,0.010866666666666672
2023-01-15,0.1661875
2023-01-16,0.13684545454545452
2023-01-17,-0.22032857142857143
2023-01-18,-0.1508857142857143
2023-01-19,-0.011499999999999988
2023-01-20,-0.14584285714285714
2023-01-21,0.0
2023-01-22,-0.14927142857142858
2023-01-23,-0.0020199999999999997
2023-01-24,-0.11315
2023-01-25,-0.04168999999999999
2023-01-26,-0.05199
2023-01-27,-0.047562500000000014
2023-01-28,-0.06395714285714287
2023-01-29,-0.5574
2023-01-30,-0.00628750000000001
2023-01-31,0.11297142857142857
2023-02-01,-0.015544444444444448
2023-02-02,0.026863636363636357
2023-02-03,-0.0257
2023-02-04,0.020899999999999974
2023-02-05,-0.34
2023-02-06,0.160975
2023-02-07,0.012730000000000002
2023-02-08,-0.0014222222222222197
2023-02-09,0.1531
2023-02-10,-0.07335
2023-02-11,0.0
2023-02-12,0.0
2023-02-13,0.05514615384615384
2023-02-14,0.04431666666666667
2023-02-15,0.08396363636363637
2023-02-16,0.13741
2023-02-17,-0.019022222222222225
2023-02-18,-0.1144125
2023-02-19,0.0
2023-02-20,0.13387999999999997
2023-02-21,0.25145
2023-02-22,0.22186
2023-02-23,0.025050000000000006
2023-02-24,-0.2140625
2023-02-25,0.032499999999999994
2023-02-26,-0.06338
2023-02-27,0.16530999999999998
2023-02-28,0.05718181818181818
2023-03-01,0.09532857142857143
2023-03-02,0.07102
2023-03-03,0.014430000000000009
2023-03-04,-0.027409090909090907
2023-03-05,0.0
2023-03-06,0.04787333333333333
2023-03-07,0.1707727272727273
2023-03-08,0.044922222222222224
2023-03-09,0.03662857142857144
2023-03-10,0.0946
2023-03-11,0.07401250000000001
2023-03-12,0.14039000000000001
2023-03-13,0.1138
2023-03-14,0.10446
2023-03-15,0.002066666666666661
2023-03-16,0.051669999999999994
2023-03-17,0.09216666666666667
2023-03-18,0.11186666666666666
2023-03-19,0.204
2023-03-20,0.0253375
2023-03-21,0.05953846153846155
2023-03-22,0.10178888888888891
2023-03-23,0.23336666666666664
2023-03-24,-0.22044000000000002
2023-03-25,0.023079999999999996
2023-03-26,-0.16455
2023-03-27,-0.0662
2023-03-28,-0.25265000000000004
2023-03-29,-0.1121181818181818
2023-03-30,-0.06484166666666667
2023-03-31,-0.09144999999999999
2023-04-01,0.0036699999999999953
2023-04-02,-0.188725
2023-04-03,-0.03271111111111111
2023-04-04,-0.015749999999999986
2023-04-05,0.05741428571428571
2023-04-06,0.15478571428571428
2023-04-07,0.060200000000000004
2023-04-08,0.21059999999999998
2023-04-09,0.063
2023-04-10,0.05453333333333333
2023-04-11,0.05528181818181818
2023-04-12,0.08150833333333334
2023-04-13,0.24463333333333334
2023-04-14,-0.011691666666666664
2023-04-15,-0.08038
2023-04-16,0
2023-04-17,0.14137
2023-04-18,0.07826363636363637
2023-04-19,0.10624285714285718
2023-04-20,0.03980000000000001
2023-04-21,0.06952
2023-04-22,-0.2202
